,brand,item_name,min_price,max_price,min_product_size,max_product_size,store,product_size,unit,price,special_price,substitution,substitute_brand,substitute_productname,url
1,Australia's Own,Full Cream Milk,2.4,2.4,2000,2000,East Village,2000,ml,3.1,,1,Coles,Full Cream Milk,https://www.coles.com.au/product/coles-full-cream-milk-2l-439693
2,Australia's Own,Full Cream Milk,2.4,2.4,2000,2000,Merrylands,2000,ml,3.1,,1,Coles,Full Cream Milk,https://www.coles.com.au/product/coles-full-cream-milk-2l-439693
3,Australia's Own,Full Cream UHT Milk,2.4,2.4,2000,2000,East Village,1000,ml,3.5,,1,A2,Full Cream UHT Milk,https://www.coles.com.au/product/a2-full-cream-uht-milk-1l-4873250
4,Australia's Own,Full Cream UHT Milk,2.4,2.4,2000,2000,Merrylands,1000,ml,3.5,,1,A2,Full Cream UHT Milk,https://www.coles.com.au/product/a2-full-cream-uht-milk-1l-4873250
5,Australia's Own,Low fat milk,2.4,2.4,2000,2000,East Village,,,,,,,,
6,Australia's Own,Low fat milk,2.4,2.4,2000,2000,Merrylands,,,,,,,,
7,Australia's Own,Skim Milk,2.4,2.4,2000,2000,East Village,2000,ml,4.7,,1,Dairy Farmers,Skim Milk,https://www.coles.com.au/product/dairy-farmers-skim-milk-2l-7193274
8,Australia's Own,Skim Milk,2.4,2.4,2000,2000,Merrylands,2000,ml,4.7,,1,Dairy Farmers,Skim Milk,https://www.coles.com.au/product/dairy-farmers-skim-milk-2l-7193274
9,Australia's Own,Skim Uht Milk,2.4,2.4,2000,2000,East Village,,,,,,,,
10,Australia's Own,Skim Uht Milk,2.4,2.4,2000,2000,Merrylands,,,,,,,,
11,Bare Bakers,Double Choc Muffin Bar,5.5,5.5,185,185,East Village,420,g,5.85,,1,Coles,Chocolate Chip Muffin Bars,https://www.coles.com.au/product/coles-chocolate-chip-muffin-bars-420g-3883758
12,Bare Bakers,Double Choc Muffin Bar,5.5,5.5,185,185,Merrylands,420,g,5.85,,1,Coles,Chocolate Chip Muffin Bars,https://www.coles.com.au/product/coles-chocolate-chip-muffin-bars-420g-3883758
13,Be Natural,Breakfast Cereal With 5 Whole Grain Flakes,4,4,325,325,East Village,325,g,4.35,3.5,,,,https://www.coles.com.au/product/be-natural-5-whole-grain-flakes-breakfast-cereal-325g-8489436
14,Be Natural,Breakfast Cereal With 5 Whole Grain Flakes,4,4,325,325,Merrylands,325,g,4.35,3.5,,,,https://www.coles.com.au/product/be-natural-5-whole-grain-flakes-breakfast-cereal-325g-8489436
15,Bell Farms,Bell Farms Chopped Spinach,0.95,0.95,250,250,East Village,250,g,2.8,,1,Birds Eye,Frozen Chopped Spinach,https://www.coles.com.au/product/birds-eye-frozen-chopped-spinach-250g-7562111
16,Bell Farms,Bell Farms Chopped Spinach,0.95,0.95,250,250,Merrylands,250,g,1,,1,Natures Nutrients,Frozen Chopped Spinach,https://www.coles.com.au/product/natures-nutrients-frozen-chopped-spinach-250g-1313760
17,Bell Farms,Bell Farms Crunchy Chips,2,3,750,750,East Village,,,,,,,,
18,Bell Farms,Bell Farms Crunchy Chips,2,3,750,750,Merrylands,,,,,,,,
19,Big M,Chocolate milk,4.3,5.25,2000,2000,East Village,2000,ml,6,,,,,https://www.coles.com.au/product/big-m-original-chocolate-flavoured-milk-2l-5018070
20,Big M,Chocolate milk,4.3,5.25,2000,2000,Merrylands,2000,ml,6,,,,,https://www.coles.com.au/product/big-m-original-chocolate-flavoured-milk-2l-5018070
21,Big M,Strawberry milk,4.3,4.3,2000,2000,East Village,2000,ml,5.8,,1,Oak,Classic Strawberry Flavoured Milk,https://www.coles.com.au/product/oak-classic-strawberry-flavoured-milk-2l-5467233
22,Big M,Strawberry milk,4.3,4.3,2000,2000,Merrylands,2000,ml,6,,1,Oak,Classic Strawberry Flavoured Milk,https://www.coles.com.au/product/big-m-strawberry-flavoured-milk-2l-5459938
23,Boston Bay,Mussels Cooked,7,7,500,500,East Village,500,g,8.5,,1,Coles,Cooked Mussel Meat,https://www.coles.com.au/product/coles-cooked-mussel-meat-500g-1973340
24,Boston Bay,Mussels Cooked,7,7,500,500,Merrylands,500,g,8.5,,1,Coles,Cooked Mussel Meat,https://www.coles.com.au/product/coles-cooked-mussel-meat-500g-1973340
25,Chris,Chris' Homestyle Hommus,6.5,6.5,1000,1000,East Village,1000,g,8,,1,Yumi's,Dip Hommus Traditional,https://www.coles.com.au/product/yumi's-dip-hommus-traditional-1kg-7106189
26,Chris,Chris' Homestyle Hommus,6.5,6.5,1000,1000,Merrylands,1000,g,8,,1,Yumi's,Dip Hommus Traditional,https://www.coles.com.au/product/yumi's-dip-hommus-traditional-1kg-7106189
27,Chris,Homestyle Tzatziki,6.5,6.5,800,800,East Village,200,g,2.4,,1,Coles,Dairy Tzatziki Dip,https://www.coles.com.au/product/coles-dairy-tzatziki-dip-200g-6007487
28,Chris,Homestyle Tzatziki,6.5,6.5,800,800,Merrylands,220,g,5,,1,Obela,Classic Tzatziki,https://www.coles.com.au/product/obela-classic-tzatziki-220g-2882851
29,Coles,100% Australian Sultanas,5,5,1000,1000,East Village,1000,g,5,,,,,https://www.coles.com.au/product/coles-100percent-australian-sultanas-1kg-5357632
30,Coles,100% Australian Sultanas,5,5,1000,1000,Merrylands,1000,g,5,,,,,https://www.coles.com.au/product/coles-100percent-australian-sultanas-1kg-5357632
31,Coles,5 Star Extra Lean Beef Mince,9,9,500,500,East Village,500,g,10.5,,1,Coles,No Added Hormone Beef 5 Star Extra Trim Mince,https://www.coles.com.au/product/coles-no-added-hormone-beef-5-star-extra-trim-mince-500g-8112799
32,Coles,5 Star Extra Lean Beef Mince,9,9,500,500,Merrylands,500,g,10.5,,1,Coles,Coles No Added Hormone Beef 5 Star Extra Trim Mince,https://www.coles.com.au/product/coles-no-added-hormone-beef-5-star-extra-trim-mince-500g-8112799
33,Coles,Apple & Blackcurrant Juice,2,2,2000,2000,East Village,2000,ml,2.8,,,,,https://www.coles.com.au/product/coles-apple-and-blackcurrant-juice-2l-2531529
34,Coles,Apple & Blackcurrant Juice,2,2,2000,2000,Merrylands,2000,ml,2.8,,,,,https://www.coles.com.au/product/coles-apple-and-blackcurrant-juice-2l-2531529
35,Coles,Avocado Dip,1.9,1.9,200,200,East Village,200,g,2.4,,,,,https://www.coles.com.au/product/coles-dairy-avocado-dip-200g-6530710
36,Coles,Avocado Dip,1.9,1.9,200,200,Merrylands,200,g,2.4,,1,Coles,Coles Dairy Avocado Dip,https://www.coles.com.au/product/coles-dairy-avocado-dip-200g-6530710
37,Coles,Baby Rocket Lettuce Prepacked,3,3,120,120,East Village,120,g,3,,1,Coles,Lettuce Baby Rocket,https://www.coles.com.au/product/coles-lettuce-baby-rocket-120g-1499475
38,Coles,Baby Rocket Lettuce Prepacked,3,3,120,120,Merrylands,120,g,3,,,,,https://www.coles.com.au/product/coles-lettuce-baby-rocket-120g-1499475
39,Coles,Baby White Potatoes Prepacked,3.5,3.5,1000,1000,East Village,1000,g,3.8,,,,,https://www.coles.com.au/product/coles-baby-white-potatoes-prepacked-1kg-2488485
40,Coles,Baby White Potatoes Prepacked,3.5,3.5,1000,1000,Merrylands,1000,g,3.8,,,,,https://www.coles.com.au/product/coles-baby-white-potatoes-prepacked-1kg-2488485
41,Coles,Baked Beans In BBQ Sauce,0.9,0.9,425,425,East Village,425,g,1.5,,,,,https://www.coles.com.au/product/coles-baked-beans-in-bbq-sauce-425g-5324779
42,Coles,Baked Beans In BBQ Sauce,0.9,0.9,425,425,Merrylands,425,g,1.5,,,,,https://www.coles.com.au/product/coles-baked-beans-in-bbq-sauce-425g-5324779
43,Coles,Bakery buttermilk scones 6 pack,4.5,4.5,405,405,East Village,,g,6,,,,,https://www.coles.com.au/product/coles-bakery-buttermilk-scones-6-pack-8601853
44,Coles,Bakery buttermilk scones 6 pack,4.5,4.5,405,405,Merrylands,,g,6,,,,,https://www.coles.com.au/product/coles-bakery-buttermilk-scones-6-pack-8601853
45,Coles,Bakery rock cakes 6 pack,3.95,3.95,252,252,East Village,,g,4.8,,,,,https://www.coles.com.au/product/coles-bakery-rock-cakes-6-pack-5073806
46,Coles,Bakery rock cakes 6 pack,3.95,3.95,252,252,Merrylands,,g,4.8,,,,,https://www.coles.com.au/product/coles-bakery-rock-cakes-6-pack-5073806
47,Coles,Bakery White Toast Bread Loaf,2,2,680,680,East Village,680,g,2.7,,1,Coles,Bakery Super Soft White Toast Loaf,https://www.coles.com.au/product/coles-bakery-super-soft-white-toast-loaf-680g-8104972
48,Coles,Bakery White Toast Bread Loaf,2,2,680,680,Merrylands,680,g,2.7,,1,Coles,Bakery Super Soft White Toast Loaf,https://www.coles.com.au/product/coles-bakery-super-soft-white-toast-loaf-680g-8104972
49,Coles,Bakery Wholemeal Block Loaf,2,2,680,680,East Village,800,g,3.5,,1,Coles,Bakery Wholemeal Loaf,https://www.coles.com.au/product/coles-bakery-wholemeal-loaf-800g-5216619
50,Coles,Bakery Wholemeal Block Loaf,2,2,680,680,Merrylands,800,g,3.5,,1,Coles,Bakery Wholemeal Loaf,https://www.coles.com.au/product/coles-bakery-wholemeal-loaf-800g-5216619
51,Coles,Banana cavendish,1.99,1.99,1000,1000,East Village,180,g,0.81,,1,Coles,Fresh Bananas,https://www.coles.com.au/product/fresh-bananas-approx.-180g-409499
52,Coles,Banana cavendish,1.99,1.99,1000,1000,Merrylands,180,g,0.72,,1,Coles,Fresh Bananas,https://www.coles.com.au/product/fresh-bananas-approx.-180g-409499
53,Coles,Beef Mince Regular 3 Star,6.5,11.5,500,1000,East Village,500,g,7,,1,Coles,No Added Hormone Beef 3 Star Regular Mince,https://www.coles.com.au/product/coles-no-added-hormone-beef-3-star-regular-mince-500g-9012814
54,Coles,Beef Mince Regular 3 Star,6.5,11.5,500,1000,Merrylands,1000,g,12,,1,Coles,No Added Hormone Beef 3 Star Regular Mince,https://www.coles.com.au/product/coles-no-added-hormone-beef-3-star-regular-mince-1kg-9012825
55,Coles,Beef Silverside Corned,8,9,1000,1400,East Village,1400,g,14,,1,Coles,Corned Silverside,https://www.coles.com.au/product/coles-corned-silverside-approx.-1.4kg-4251534
56,Coles,Beef Silverside Corned,8,9,1000,1400,Merrylands,1400,g,14,,1,Coles,Corned Silverside,https://www.coles.com.au/product/coles-corned-silverside-approx.-1.4kg-4251534
57,Coles,Blueberry Muffins 4 pack,3.5,3.5,480,480,East Village,420,g,4.7,,,,,https://www.coles.com.au/product/coles-blueberry-muffins-4-pack-2409274
58,Coles,Blueberry Muffins 4 pack,3.5,3.5,480,480,Merrylands,420,g,4.7,,,,,https://www.coles.com.au/product/coles-blueberry-muffins-4-pack-2409274
59,Coles,Bran Flakes With Sultanas,3.3,3.3,500,500,East Village,580,g,4.05,,,,,https://www.coles.com.au/product/coles-bran-flakes-with-sultanas-580g-5650670
60,Coles,Bran Flakes With Sultanas,3.3,3.3,500,500,Merrylands,580,g,4.05,,,,,https://www.coles.com.au/product/coles-bran-flakes-with-sultanas-580g-5650670
61,Coles,Broccoli,2.5,2.5,1000,1000,East Village,340,g,1.33,,,,,https://www.coles.com.au/product/coles-broccoli-approx.-340g-each-407755
62,Coles,Broccoli,2.5,2.5,1000,1000,Merrylands,340,g,1.33,,,,,https://www.coles.com.au/product/coles-broccoli-approx.-340g-each-407755
63,Coles,Brown Rice,2.5,2.5,1000,1000,East Village,1000,g,2.5,,,,,https://www.coles.com.au/product/coles-brown-rice-1-kg-1075107
64,Coles,Brown Rice,2.5,2.5,1000,1000,Merrylands,1000,g,2.5,,,,,https://www.coles.com.au/product/coles-brown-rice-1-kg-1075107
65,Coles,Brushed Baby Potato,3,3,1000,1000,East Village,1000,g,3,,,,,https://www.coles.com.au/product/coles-brushed-baby-potato-1kg-2517630
66,Coles,Brushed Baby Potato,3,3,1000,1000,Merrylands,1000,g,3,,,,,https://www.coles.com.au/product/coles-brushed-baby-potato-1kg-2517630
67,Coles,Butter Pat,5.6,5.6,500,500,East Village,500,g,6.9,,,,,https://www.coles.com.au/product/coles-butter-pat-500g-210160
68,Coles,Butter Pat,5.6,5.6,500,500,Merrylands,500,g,6.9,,,,,https://www.coles.com.au/product/coles-butter-pat-500g-210160
69,Coles,Canola Oil,2.5,2.5,750,750,East Village,750,ml,3.95,,,,,https://www.coles.com.au/product/coles-canola-oil-750ml-4616564
70,Coles,Canola Oil,2.5,2.5,750,750,Merrylands,750,ml,3.95,,,,,https://www.coles.com.au/product/coles-canola-oil-750ml-4616564
71,Coles,Canola Spread,2,2,500,500,East Village,NA,NA,NA,,,,,
72,Coles,Canola Spread,2,2,500,500,Merrylands,NA,NA,NA,,,,,
73,Coles,Cheddar Block,8,8,1000,1000,East Village,1000,g,11,,1,Coles,Cheddar Cheese Block,https://www.coles.com.au/product/coles-cheddar-cheese-block-1kg-2071305
74,Coles,Cheddar Block,8,8,1000,1000,Merrylands,1000,g,11,,,,,https://www.coles.com.au/product/coles-cheddar-cheese-block-1kg-2071305
75,Coles,Cheese Slices 24 Pack,3.9,3.9,500,500,East Village,500,g,4.75,,1,Coles,Dairy Cheese Slices Processed,https://www.coles.com.au/product/coles-dairy-cheese-slices-processed-500g-244242
76,Coles,Cheese Slices 24 Pack,3.9,3.9,500,500,Merrylands,500,g,9.5,,1,Coles,Tasty Cheese Slices 24 Pack,https://www.coles.com.au/product/coles-tasty-cheese-slices-24-pack-500g-5433050
77,Coles,Cheese Supreme Corn Chips,1.9,1.9,200,200,East Village,200,g,2.3,,,,,https://www.coles.com.au/product/coles-cheese-supreme-corn-chips-200g-6992556
78,Coles,Cheese Supreme Corn Chips,1.9,1.9,200,200,Merrylands,200,g,2.3,,,,,https://www.coles.com.au/product/coles-cheese-supreme-corn-chips-200g-6992556
79,Coles,Chicken Flavour Noodle Snacks 12 pack,2.85,2.85,300,300,East Village,NA,NA,NA,,,,,
80,Coles,Chicken Flavour Noodle Snacks 12 pack,2.85,2.85,300,300,Merrylands,NA,NA,NA,,,,,
81,Coles,Chicken Snack Bites,1.4,1.4,200,200,East Village,NA,NA,NA,,,,,
82,Coles,Chicken Snack Bites,1.4,1.4,200,200,Merrylands,,,,,,,,
83,Coles,Chickpeas,0.8,0.8,420,420,East Village,420,g,1,,,,,https://www.coles.com.au/product/coles-chick-peas-420g-8075852
84,Coles,Chickpeas,0.8,0.8,420,420,Merrylands,420,g,1,,,,,https://www.coles.com.au/product/coles-chick-peas-420g-8075852
85,Coles,Cocoa Puffs,1.9,1.9,300,300,East Village,475,g,3,,,,,https://www.coles.com.au/product/coles-cocoa-puffs-475g-4769500
86,Coles,Cocoa Puffs,1.9,1.9,300,300,Merrylands,475,g,3,,,,,https://www.coles.com.au/product/coles-cocoa-puffs-475g-4769500
87,Coles,Coles Deli Thawed Barramundi Fillets,14,14,1000,1000,East Village,350,g,5.95,,,,,https://www.coles.com.au/product/coles-deli-thawed-barramundi-fillets-approx.-350g-9586449
88,Coles,Coles Deli Thawed Barramundi Fillets,14,14,1000,1000,Merrylands,350,g,6.65,5.95,,,,https://www.coles.com.au/product/coles-deli-thawed-barramundi-fillets-approx.-350g-9586449
89,Coles,Coles Greek Style Natural Yoghurt,3.9,3.9,1000,1000,East Village,1000,g,4.4,,,,,https://www.coles.com.au/product/coles-greek-style-natural-yoghurt-1kg-2273478
90,Coles,Coles Greek Style Natural Yoghurt,3.9,3.9,1000,1000,Merrylands,1000,g,4.4,,,,,https://www.coles.com.au/product/coles-greek-style-natural-yoghurt-1kg-2273478
91,Coles,Coles Natural Almonds (Prepacked),6,6,350,350,East Village,350,g,6,,,,,https://www.coles.com.au/product/coles-natural-almonds-prepacked-350g-3017564
92,Coles,Coles Natural Almonds (Prepacked),6,6,350,350,Merrylands,350,g,6,,,,,https://www.coles.com.au/product/coles-natural-almonds-prepacked-350g-3017564
93,Coles,Coles Organic Soy Milk,1.6,1.6,1000,1000,East Village,1000,ml,1.6,,,,,https://www.coles.com.au/product/coles-organic-soy-milk-1l-3492954
94,Coles,Coles Organic Soy Milk,1.6,1.6,1000,1000,Merrylands,1000,ml,1.6,,,,,https://www.coles.com.au/product/coles-organic-soy-milk-1l-3492954
95,Coles,Coleslaw salad,6.5,6.5,800,800,East Village,800,g,7,,,,,https://www.coles.com.au/product/coles-kitchen-coleslaw-salad-800g-1991851
96,Coles,Coleslaw salad,6.5,6.5,800,800,Merrylands,800,g,7,,,,,https://www.coles.com.au/product/coles-kitchen-coleslaw-salad-800g-1991851
97,Coles,Corn Flakes,1.7,1.7,475,475,East Village,475,g,1.9,,,,,https://www.coles.com.au/product/coles-cereal-corn-flakes-475g-8728071
98,Coles,Corn Flakes,1.7,1.7,475,475,Merrylands,475,g,1.9,,,,,https://www.coles.com.au/product/coles-cereal-corn-flakes-475g-8728071
99,Coles,Cracker Squares,0.95,0.95,250,250,East Village,250,g,0.95,,,,,https://www.coles.com.au/product/coles-cracker-squares-250g-2471835
100,Coles,Cracker Squares,0.95,0.95,250,250,Merrylands,250,g,0.95,,,,,https://www.coles.com.au/product/coles-cracker-squares-250g-2471835
101,Coles,Dairy Yoghurt Peach & Mango,3.4,3.4,1000,1000,East Village,1000,g,4,,,,,https://www.coles.com.au/product/coles-dairy-yoghurt-peach-and-mango-1kg-9554511
102,Coles,Dairy Yoghurt Peach & Mango,3.4,3.4,1000,1000,Merrylands,1000,g,4,,,,,https://www.coles.com.au/product/coles-dairy-yoghurt-peach-and-mango-1kg-9554511
103,Coles,Diet Tonic Water,1,1,1250,1250,East Village,1250,ml,1.1,,1,Coles,Mixer Diet Tonic Diet Water,https://www.coles.com.au/product/coles-mixer-diet-tonic-diet-water-1.25l-5180497
104,Coles,Diet Tonic Water,1,1,1250,1250,Merrylands,1250,ml,1.1,,1,Coles,Mixer Diet Tonic Diet Water,https://www.coles.com.au/product/coles-mixer-diet-tonic-diet-water-1.25l-5180497
105,Coles,Dried Pitted Dates,1.75,1.75,500,500,East Village,500,g,1.85,,1,Coles,Pitted Dates,https://www.coles.com.au/product/coles-pitted-dates-500g-5450219
106,Coles,Dried Pitted Dates,1.75,1.75,500,500,Merrylands,500,g,1.85,,1,Coles,Pitted Dates,https://www.coles.com.au/product/coles-pitted-dates-500g-5450219
107,Coles,Durum Wheat Rigatoni Pasta,1.2,1.2,500,500,East Village,500,g,1,,,,,https://www.coles.com.au/product/coles-durum-wheat-pasta-rigatoni-500g-4515283
108,Coles,Durum Wheat Rigatoni Pasta,1.2,1.2,500,500,Merrylands,500,g,1,,,,,https://www.coles.com.au/product/coles-durum-wheat-pasta-rigatoni-500g-4515283
109,Coles,Finest Filled pasta pork fennel,5,5,375,375,East Village,,,,,,,,
110,Coles,Finest Filled pasta pork fennel,5,5,375,375,Merrylands,,,,,,,,
111,Coles,Free Range RSPCA Approved Chicken Drumsticks,4.5,5.5,1000,1000,East Village,1400,g,9.1,,,,,https://www.coles.com.au/product/coles-free-range-rspca-approved-chicken-drumsticks-approx.-1.4kg-3228774
112,Coles,Free Range RSPCA Approved Chicken Drumsticks,4.5,5.5,1000,1000,Merrylands,1400,g,9.1,,,,,https://www.coles.com.au/product/coles-free-range-rspca-approved-chicken-drumsticks-approx.-1.4kg-3228774
113,Coles,Fresh Loose Cup Mushrooms,6,8,500,1000,East Village,200,g,2.5,,,,,https://www.coles.com.au/product/coles-fresh-loose-cup-mushrooms-approx.-200g-4594010
114,Coles,Fresh Loose Cup Mushrooms,6,8,500,1000,Merrylands,200,g,2.5,,,,,https://www.coles.com.au/product/coles-fresh-loose-cup-mushrooms-approx.-200g-4594010
115,Coles,Fresh Packham Pear,3.9,3.9,1000,1000,East Village,1000,g,3.9,,,,,https://www.coles.com.au/product/coles-packham-pears-1kg-1-each-9006662
116,Coles,Fresh Packham Pear,3.9,3.9,1000,1000,Merrylands,1000,g,3.9,,,,,https://www.coles.com.au/product/coles-packham-pears-1kg-1-each-9006662
117,Coles,Frozen Beer Battered White Fish Fillet 6 pack,4.6,4.6,425,425,East Village,425,g,4.4,,1,Coles,Frozen Fish Fillets Beer Bettered,https://www.coles.com.au/product/coles-frozen-fish-fillets-beer-battered-425g-4408159
118,Coles,Frozen Beer Battered White Fish Fillet 6 pack,4.6,4.6,425,425,Merrylands,425,g,4.4,,1,Coles,Frozen Fish Fillets Beer Battered,https://www.coles.com.au/product/coles-frozen-fish-fillets-beer-battered-425g-4408159
119,Coles,Frozen Chunky Potato Wedges,2,2,750,750,East Village,750,g,4.2,,,,,https://www.coles.com.au/product/coles-frozen-australian-potato-chunky-wedges-750g-6068969
120,Coles,Frozen Chunky Potato Wedges,2,2,750,750,Merrylands,750,g,4.2,,1,Coles,Frozen Australian Potato Chunky Wedges,https://www.coles.com.au/product/coles-frozen-australian-potato-chunky-wedges-750g-6068969
121,Coles,Frozen Family Apple Pie,3.2,3.2,600,600,East Village,600,g,3.6,,1,Coles,Pie Fruit Apple,https://www.coles.com.au/product/coles-pie-fruit-apple-600g-187546
122,Coles,Frozen Family Apple Pie,3.2,3.2,600,600,Merrylands,600,g,4,,1,Coles,Nanna's Frozen Apple Pie,https://www.coles.com.au/product/nanna's-frozen-apple-pie-600g-187477
123,Coles,Frozen Original Crumbed White Fish Fillets,8,8,1000,1000,East Village,1000,g,10,,1,Coles,Frozen Fish Fillet Crumbed,https://www.coles.com.au/product/coles-frozen-fish-fillet-crumbed-1kg-4408308
124,Coles,Frozen Original Crumbed White Fish Fillets,8,8,1000,1000,Merrylands,1000,g,10,,1,Coles,Frozen Fish Fillet Crumbed,https://www.coles.com.au/product/coles-frozen-fish-fillet-crumbed-1kg-4408308
125,Coles,Frozen Potato French Fries,1.9,1.9,1000,1000,East Village,900,g,4.5,,1,McCain,Superfries Frozen Potato Chips Shoestring,https://www.coles.com.au/product/mccain-superfries-frozen-potato-chips-shoestring-900g-476022
126,Coles,Frozen Potato French Fries,1.9,1.9,1000,1000,Merrylands,,,,,,,,
127,Coles,Frozen Potato Royals,3,3,1000,1000,East Village,1000,g,4.9,,1,Coles,Frozen Potato Royals Oven Fry,https://www.coles.com.au/product/coles-frozen-potato-royals-oven-fry-1kg-52128
128,Coles,Frozen Potato Royals,3,3,1000,1000,Merrylands,1000,g,4.9,,1,Coles,Frozen Potato Royals Oven Fry,https://www.coles.com.au/product/coles-frozen-potato-royals-oven-fry-1kg-52128
129,Coles,Fruit Filled 12 Bars Variety Pack,4.8,4.8,450,450,East Village,450,g,4.8,,,,,https://www.coles.com.au/product/coles-fruit-filled-12-bars-variety-pack-450g-5859889
130,Coles,Fruit Filled 12 Bars Variety Pack,4.8,4.8,450,450,Merrylands,450,g,4.8,,,,,https://www.coles.com.au/product/coles-fruit-filled-12-bars-variety-pack-450g-5859889
131,Coles,Full Cream Milk,2.39,2.39,2000,2000,East Village,2000,ml,3.1,,,,,https://www.coles.com.au/product/coles-full-cream-milk-2l-439693
132,Coles,Full Cream Milk,2.39,2.39,2000,2000,Merrylands,2000,ml,3.1,,,,,https://www.coles.com.au/product/coles-full-cream-milk-2l-439693
133,Coles,Gluten Free Five Seed Bread,4.5,4.5,500,500,East Village,,,,,,,,
134,Coles,Gluten Free Five Seed Bread,4.5,4.5,500,500,Merrylands,500,g,5.7,,1,Coles,I'M Free From 5 Seed Loaf,https://www.coles.com.au/product/coles-i'm-free-from-5-seed-loaf-500g-3216695
135,Coles,Gluten Free Soy & Linseed Bread,4.5,4.5,500,500,East Village,500,g,7.8,,1,Abbott's Bakery,Gluten Free Soy and Linseed Bread,https://www.coles.com.au/product/abbott's-bakery-gluten-free-soy-and-linseed-bread-500g-2834247
136,Coles,Gluten Free Soy & Linseed Bread,4.5,4.5,500,500,Merrylands,,,,,,,,
137,Coles,Gluten Free White Bread,4.5,4.5,500,500,East Village,550,g,7,,1,Tip Top,The One Gluten Free White,https://www.coles.com.au/product/tip-top-the-one-gluten-free-white-550g-4405660
138,Coles,Gluten Free White Bread,4.5,4.5,500,500,Merrylands,500,g,5.7,,1,Coles,I'M Free From White Loaf,https://www.coles.com.au/product/coles-i'm-free-from-white-loaf-500g-3216673
139,Coles,Gluten Free White Wraps,5,5,200,200,East Village,200,g,5.5,,1,Coles,IM Free From White Wraps,https://www.coles.com.au/product/coles-im-free-from-white-wraps-200g-1995386
140,Coles,Gluten Free White Wraps,5,5,200,200,Merrylands,200,g,5.5,,1,Coles,IM Free From White Wraps,https://www.coles.com.au/product/coles-im-free-from-white-wraps-200g-1995386
141,Coles,Granny smith apple,5,5,1000,1000,East Village,1000,g,4.9,,,,,https://www.coles.com.au/product/coles-granny-smith-apples-1kg-1-each-4438740
142,Coles,Granny smith apple,5,5,1000,1000,Merrylands,1000,g,4.9,,,,,https://www.coles.com.au/product/coles-granny-smith-apples-1kg-1-each-4438740
143,Coles,Ham Steaks,6,6,375,375,East Village,375,g,6.5,,,,,https://www.coles.com.au/product/coles-butcher-ham-steaks-375g-5986922
144,Coles,Ham Steaks,6,6,375,375,Merrylands,375,g,6.5,,,,,https://www.coles.com.au/product/coles-butcher-ham-steaks-375g-5986922
145,Coles,Hummus,1.9,1.9,200,200,East Village,200,g,2.4,,1,Coles,Dairy Hommus Dip,https://www.coles.com.au/product/coles-dairy-hommus-dip-200g-6530721
146,Coles,Hummus,1.9,1.9,200,200,Merrylands,200,g,2.4,,1,Coles,Dairy Hommus Dip,https://www.coles.com.au/product/coles-dairy-hommus-dip-200g-6530721
147,Coles,I'm Perfect Carrots Prepacked,2,2,1500,1500,East Village,1500,g,1.5,,,,,https://www.coles.com.au/product/coles-i'm-perfect-carrots-prepacked-1.5kg-3609392
148,Coles,I'm Perfect Carrots Prepacked,2,2,1500,1500,Merrylands,1500,g,1.5,,,,,https://www.coles.com.au/product/coles-i'm-perfect-carrots-prepacked-1.5kg-3609392
149,Coles,Iceberg Lettuce,1.9,1.9,500,500,East Village,,g,3.7,,,,,https://www.coles.com.au/product/coles-iceberg-lettuce-1-each-4584071
150,Coles,Iceberg Lettuce,1.9,1.9,500,500,Merrylands,,g,3.7,,,,,https://www.coles.com.au/product/coles-iceberg-lettuce-1-each-4584071
151,Coles,Juicing Carrots,4,4,2500,2500,East Village,2000,g,5.5,,1,Coles,Organic Carrots Prepacked,https://www.coles.com.au/product/coles-organic-carrots-prepacked-2kg-4995826
152,Coles,Juicing Carrots,4,4,2500,2500,Merrylands,2000,g,5.5,,1,Coles,Organic Carrots Prepacked,https://www.coles.com.au/product/coles-organic-carrots-prepacked-2kg-4995826
153,Coles,Kent pumpkin,4,4,1000,1000,East Village,900,g,2.25,,1,Coles,Kent Pumpkin Cut,https://www.coles.com.au/product/coles-kent-pumpkin-cut-approx.-900g-each-4202540
154,Coles,Kent pumpkin,4,4,1000,1000,Merrylands,900,g,2.25,,1,Coles,Kent Pumpkin Cut,https://www.coles.com.au/product/coles-kent-pumpkin-cut-approx.-900g-each-4202540
155,Coles,Kent Pumpkin Whole,4,4,1000,1000,East Village,900,g,2.25,,1,Coles,Kent Pumpkin Cut,https://www.coles.com.au/product/coles-kent-pumpkin-cut-approx.-900g-each-4202540
156,Coles,Kent Pumpkin Whole,4,4,1000,1000,Merrylands,4000,g,10,,,,,https://www.coles.com.au/product/coles-kent-pumpkin-whole-approx.-4kg-each-4183558
157,Coles,Kids Bananas,3.5,3.5,1000,1000,East Village,750,g,4.5,,,,,https://www.coles.com.au/product/coles-kids-pack-bananas-750g-2511791
158,Coles,Kids Bananas,3.5,3.5,1000,1000,Merrylands,750,g,4,,,,,https://www.coles.com.au/product/coles-kids-pack-bananas-750g-2511791
159,Coles,Lamb leg steaks middle eastern rub,14.5,14.5,450,450,East Village,210,g,7.5,,,,,https://www.coles.com.au/product/coles-lamb-leg-steak-with-middle-eastern-rub-2-pack-210g-4501427
160,Coles,Lamb leg steaks middle eastern rub,14.5,14.5,450,450,Merrylands,210,g,7.5,,,,,https://www.coles.com.au/product/coles-lamb-leg-steak-with-middle-eastern-rub-2-pack-210g-4501427
161,Coles,Lamb Mint Rosemary Rump Steak Marinade,11.6,11.6,400,400,East Village,400,g,12,,1,Coles,Lamb Mint & Rosemary Rump Steak,https://www.coles.com.au/product/coles-lamb-mint-and-rosemary-rump-steak-approx.-400g-each-3304431
162,Coles,Lamb Mint Rosemary Rump Steak Marinade,11.6,11.6,400,400,Merrylands,400,g,12,,,,,https://www.coles.com.au/product/coles-lamb-mint-and-rosemary-rump-steak-approx.-400g-each-3304431
163,Coles,Light Cheese Slices 24 Pack,3.9,3.9,500,500,East Village,500,g,4.75,,1,Coles,Dairy Cheese Slices Processed Lite 24 Pack,https://www.coles.com.au/product/coles-dairy-cheese-slices-processed-lite-24-pack-500g-5164639
164,Coles,Light Cheese Slices 24 Pack,3.9,3.9,500,500,Merrylands,500,g,9.5,,1,Coles,Tasty Light Cheese Slices 24 Pack,https://www.coles.com.au/product/coles-tasty-light-cheese-slices-24-pack-500g-5433027
165,Coles,Light Greek Style Yoghurt,3.9,3.9,1000,1000,East Village,1000,g,4.4,,,,,https://www.coles.com.au/product/coles-light-greek-style-yoghurt-1kg-2273489
166,Coles,Light Greek Style Yoghurt,3.9,3.9,1000,1000,Merrylands,1000,g,4.4,,,,,https://www.coles.com.au/product/coles-light-greek-style-yoghurt-1kg-2273489
167,Coles,Light Olive Oil Spread,2,2,500,500,East Village,500,g,3.8,,1,Coles,Dairy Spread Olive Oil,https://www.coles.com.au/product/coles-dairy-spread-olive-oil-500g-9641809
168,Coles,Light Olive Oil Spread,2,2,500,500,Merrylands,500,g,3.8,,1,Coles,Dairy Spread Olive Oil,https://www.coles.com.au/product/coles-dairy-spread-olive-oil-500g-9641809
169,Coles,Light Sour Cream,3.4,3.4,500,500,East Village,500,g,4.2,,,,,https://www.coles.com.au/product/coles-light-sour-cream-500g-3676990
170,Coles,Light Sour Cream,3.4,3.4,500,500,Merrylands,500,g,4.2,,,,,https://www.coles.com.au/product/coles-light-sour-cream-500g-3676990
171,Coles,Lightly Fruited Sultana Cake,4.3,4.3,800,800,East Village,800,g,5.6,,,,,https://www.coles.com.au/product/coles-lightly-fruited-sultana-cake-800g-4991100
172,Coles,Lightly Fruited Sultana Cake,4.3,4.3,800,800,Merrylands,800,g,5.6,,,,,https://www.coles.com.au/product/coles-lightly-fruited-sultana-cake-800g-4991100
173,Coles,Long Grain Rice,1.4,1.4,1000,1000,East Village,1000,g,1.4,,,,,https://www.coles.com.au/product/coles-long-grain-rice-1kg-5357574
174,Coles,Long Grain Rice,1.4,1.4,1000,1000,Merrylands,1000,g,1.4,,,,,https://www.coles.com.au/product/coles-long-grain-rice-1kg-5357574
175,Coles,Loose gold sweet potato,4.9,4.9,1000,1000,East Village,1000,g,4.5,,1,Coles,Gold Sweet Potatoes,https://www.coles.com.au/product/coles-gold-sweet-potatoes-1kg-4291131
176,Coles,Loose gold sweet potato,4.9,4.9,1000,1000,Merrylands,450,g,2.21,,,,,https://www.coles.com.au/product/coles-sweet-gold-potatoes-loose-approx.-450g-4199503
177,Coles,Mango Slices In Syrup,1.55,1.55,425,425,East Village,425,g,1.55,,,,,https://www.coles.com.au/product/coles-mango-slices-in-syrup-425g-9030215
178,Coles,Mango Slices In Syrup,1.55,1.55,425,425,Merrylands,425,g,1.55,,,,,https://www.coles.com.au/product/coles-mango-slices-in-syrup-425g-9030215
179,Coles,Marmalade Spread,1.3,1.3,500,500,East Village,450,g,2.5,,1,Coles,Breakfast Marmalade,https://www.coles.com.au/product/coles-breakfast-marmalade-450g-6063896
180,Coles,Marmalade Spread,1.3,1.3,500,500,Merrylands,450,g,2.5,,1,Coles,Breakfast Marmalade,https://www.coles.com.au/product/coles-breakfast-marmalade-450g-6063896
181,Coles,Mighty Grain Cereal,3.5,3.5,560,560,East Village,560,g,4.5,,,,,https://www.coles.com.au/product/coles-mighty-grain-cereal-560g-7973422
182,Coles,Mighty Grain Cereal,3.5,3.5,560,560,Merrylands,560,g,4.5,,,,,https://www.coles.com.au/product/coles-mighty-grain-cereal-560g-7973422
183,Coles,Mixed Dried Fruit,2.3,2.3,375,375,East Village,1000,g,5.5,,,,,https://www.coles.com.au/product/coles-dried-mixed-fruit-1kg-5357643
184,Coles,Mixed Dried Fruit,2.3,2.3,375,375,Merrylands,1000,g,5.5,,,,,https://www.coles.com.au/product/coles-dried-mixed-fruit-1kg-5357643
185,Coles,Multi Vitamin Juice,2,2,2000,2000,East Village,2000,ml,2.8,,,,,https://www.coles.com.au/product/coles-multi-vitamin-juice-2l-2531584
186,Coles,Multi Vitamin Juice,2,2,2000,2000,Merrylands,2000,ml,2.8,,,,,https://www.coles.com.au/product/coles-multi-vitamin-juice-2l-2531584
187,Coles,Nature's Kitchen Curried Pumpkin & Corn Burger,3.5,3.5,250,250,East Village,250,g,3.75,,,,,https://www.coles.com.au/product/coles-nature's-kitchen-curried-pumpkin-and-corn-burger-250g-2752153
188,Coles,Nature's Kitchen Curried Pumpkin & Corn Burger,3.5,3.5,250,250,Merrylands,250,g,3.75,,,,,https://www.coles.com.au/product/coles-nature's-kitchen-curried-pumpkin-and-corn-burger-250g-2752153
189,Coles,Natures Kitchen firm Tofu,2.3,2.3,300,300,East Village,300,g,2.3,,,,,https://www.coles.com.au/product/coles-nature's-kitchen-firm-tofu-300g-2752255
190,Coles,Natures Kitchen firm Tofu,2.3,2.3,300,300,Merrylands,300,g,2.3,,,,,https://www.coles.com.au/product/coles-nature's-kitchen-firm-tofu-300g-2752255
191,Coles,Neapolitan Ice Cream Tub,4.9,4.9,4000,4000,East Village,4000,ml,7,,,,,https://www.coles.com.au/product/coles-neapolitan-ice-cream-tub-4l-208216
192,Coles,Neapolitan Ice Cream Tub,4.9,4.9,4000,4000,Merrylands,4000,ml,7,,,,,https://www.coles.com.au/product/coles-neapolitan-ice-cream-tub-4l-208216
193,Coles,Nut Delight Bars,2.7,2.7,210,210,East Village,,,,,,,,
194,Coles,Nut Delight Bars,2.7,2.7,210,210,Merrylands,,,,,,,,
195,Coles,Organic Wholemeal Spaghetti,1.65,1.65,500,500,East Village,500,g,1.65,,,,,https://www.coles.com.au/product/coles-organic-wholemeal-spaghetti-500g-3380305
196,Coles,Organic Wholemeal Spaghetti,1.65,1.65,500,500,Merrylands,500,g,1.65,,,,,https://www.coles.com.au/product/coles-organic-wholemeal-spaghetti-500g-3380305
197,Coles,Original Crinkle Cut Potato Chips,1.6,1.6,175,175,East Village,175,g,2.3,,,,,https://www.coles.com.au/product/coles-original-crinkle-cut-potato-chips-175g-6989493
198,Coles,Original Crinkle Cut Potato Chips,1.6,1.6,175,175,Merrylands,175,g,2.3,,,,,https://www.coles.com.au/product/coles-original-crinkle-cut-potato-chips-175g-6989493
199,Coles,Original Water Crackers,0.95,0.95,125,125,East Village,125,g,0.95,,,,,https://www.coles.com.au/product/coles-original-water-crackers-125g-5389901
200,Coles,Original Water Crackers,0.95,0.95,125,125,Merrylands,125,g,0.95,,,,,https://www.coles.com.au/product/coles-original-water-crackers-125g-5389901
201,Coles,Pasta Tortellini Veal,4,4,600,600,East Village,600,g,5,,,,,https://www.coles.com.au/product/coles-pasta-tortellini-veal-600g-2714289
202,Coles,Pasta Tortellini Veal,4,4,600,600,Merrylands,600,g,5,,,,,https://www.coles.com.au/product/coles-pasta-tortellini-veal-600g-2714289
203,Coles,Peanut Butter Crunchy,1.8,1.8,375,375,East Village,375,g,1.8,,1,Coles,Peanut Butter Crunchy Spread,https://www.coles.com.au/product/coles-peanut-butter-crunchy-spread-375g-394030
204,Coles,Peanut Butter Crunchy,1.8,1.8,375,375,Merrylands,375,g,1.8,,1,Coles,Peanut Butter Crunchy Spread,https://www.coles.com.au/product/coles-peanut-butter-crunchy-spread-375g-394030
205,Coles,Pear Slices In Juice Canned,2,2,410,410,East Village,410,g,2,,1,Coles,Australian Pear Slices in Juice,https://www.coles.com.au/product/coles-australian-pear-slices-in-juice-410g-1857305
206,Coles,Pear Slices In Juice Canned,2,2,410,410,Merrylands,410,g,2,,1,Coles,Australian Pear Slices in Juice,https://www.coles.com.au/product/coles-australian-pear-slices-in-juice-410g-1857305
207,Coles,Pikelets 8 Pack,3,3,200,200,East Village,200,g,2.2,,,,,https://www.coles.com.au/product/coles-pikelets-8-pack-200g-4799340
208,Coles,Pikelets 8 Pack,3,3,200,200,Merrylands,200,g,2.2,,,,,https://www.coles.com.au/product/coles-pikelets-8-pack-200g-4799340
209,Coles,Pineapple Drink,1,1,1250,1250,East Village,1250,ml,1.1,,,,,https://www.coles.com.au/product/coles-pineapple-drink-1.25l-5179181
210,Coles,Pineapple Drink,1,1,1250,1250,Merrylands,1250,ml,1.1,,,,,https://www.coles.com.au/product/coles-pineapple-drink-1.25l-5179181
211,Coles,Pineapple in Syrup Fruit Cups 4 Pack,2.2,2.2,480,480,East Village,480,g,2.2,,1,Coles,Pineapple in Syrup 4 Pack,https://www.coles.com.au/product/coles-pineapple-in-syrup-4-pack-480g-9837684
212,Coles,Pineapple in Syrup Fruit Cups 4 Pack,2.2,2.2,480,480,Merrylands,480,g,2.2,,1,Coles,Pineapple in Syrup 4 Pack,https://www.coles.com.au/product/coles-pineapple-in-syrup-4-pack-480g-9837684
213,Coles,Pineapple Pieces in Syrup,1.1,1.1,425,425,East Village,425,g,1.65,,,,,https://www.coles.com.au/product/coles-pineapple-pieces-in-syrup-425g-7579770
214,Coles,Pineapple Pieces in Syrup,1.1,1.1,425,425,Merrylands,425,g,1.65,,,,,https://www.coles.com.au/product/coles-pineapple-pieces-in-syrup-425g-7579770
215,Coles,Pink Lady Apple Slices in Juice Canned,2,2,410,410,East Village,NA,NA,NA,,,,,
216,Coles,Pink Lady Apple Slices in Juice Canned,2,2,410,410,Merrylands,410,g,2.25,,,,,https://www.coles.com.au/product/coles-australian-pink-lady-apple-slices-in-juice-410g-1857270
217,Coles,Pink salmon in springwater,1.2,1.2,95,95,East Village,95,g,1.4,,1,Coles,Salmon Springwater,https://www.coles.com.au/product/coles-salmon-springwater-95g-2037522
218,Coles,Pink salmon in springwater,1.2,1.2,95,95,Merrylands,210,g,3.45,,1,Coles,Salmon Pink,https://www.coles.com.au/product/coles-salmon-pink-210g-8675066
219,Coles,Pork 5 Star Mince Extra Lean,8,8,500,500,East Village,500,g,7,,,,,https://www.coles.com.au/product/coles-5-star-extra-lean-pork-mince-500g-8781132
220,Coles,Pork 5 Star Mince Extra Lean,8,8,500,500,Merrylands,500,g,7,,,,,https://www.coles.com.au/product/coles-5-star-extra-lean-pork-mince-500g-8781132
221,Coles,Pork shoulder roast boneless,8,8,1000,1000,East Village,1000,g,12,,1,Coles,Pork Mini Shoulder Roast Boneless,https://www.coles.com.au/product/coles-pork-mini-shoulder-roast-boneless-approx.-1kg-3455007
222,Coles,Pork shoulder roast boneless,8,8,1000,1000,Merrylands,1000,g,12,,1,Coles,Pork Mini Shoulder Roast Boneless,https://www.coles.com.au/product/coles-pork-mini-shoulder-roast-boneless-approx.-1kg-3455007
223,Coles,Potato Salad,6.5,6.5,800,800,East Village,800,g,7,,,,,https://www.coles.com.au/product/coles-kitchen-potato-salad-800g-1988904
224,Coles,Potato Salad,6.5,6.5,800,800,Merrylands,800,g,7,,,,,https://www.coles.com.au/product/coles-kitchen-potato-salad-800g-1988904
225,Coles,Potatoes Brushed,5.5,5.5,2000,2000,East Village,2000,g,5.5,,,,,https://www.coles.com.au/product/coles-brushed-potatoes-2kg-3958573
226,Coles,Potatoes Brushed,5.5,5.5,2000,2000,Merrylands,2000,g,5.5,,,,,https://www.coles.com.au/product/coles-brushed-potatoes-2kg-3958573
227,Coles,Pure Australian Honey Jar,6.5,6.5,500,500,East Village,500,g,6.5,,,,,https://www.coles.com.au/product/coles-pure-australian-honey-jar-500g-2912511
228,Coles,Pure Australian Honey Jar,6.5,6.5,500,500,Merrylands,500,g,6.5,,,,,https://www.coles.com.au/product/coles-pure-australian-honey-jar-500g-2912511
229,Coles,Quick Oats Creamy Honey Porridge 12 Sachets,4,4,420,420,East Village,420,g,3.3,,1,Coles,Quick Oats Honey Flavoured Sachets 12 Pack,https://www.coles.com.au/product/coles-quick-oats-honey-flavoured-sachets-12-pack-420g-2604189
230,Coles,Quick Oats Creamy Honey Porridge 12 Sachets,4,4,420,420,Merrylands,420,g,3.3,,1,Coles,Quick Oats Honey Flavoured Sachets 12 Pack,https://www.coles.com.au/product/coles-quick-oats-honey-flavoured-sachets-12-pack-420g-2604189
231,Coles,Ranch Dip,2,2,300,300,East Village,,,,,,,,
232,Coles,Ranch Dip,2,2,300,300,Merrylands,NA,NA,NA,,,,,
233,Coles,Reduced Fat Lite Milk,2.39,2.39,2000,2000,East Village,2000,ml,3.1,,1,Coles,Lite Reduced Fat,https://www.coles.com.au/product/coles-lite-reduced-fat-2l-8379529
234,Coles,Reduced Fat Lite Milk,2.39,2.39,2000,2000,Merrylands,2000,ml,3.1,,1,Coles,Lite Reduced Fat,https://www.coles.com.au/product/coles-lite-reduced-fat-2l-8379529
235,Coles,Regular Soy Milk,1.15,1.15,1000,1000,East Village,1000,ml,1.15,,1,Coles,Drink Soy Regular,https://www.coles.com.au/product/coles-drink-soy-regular-1l-4499631
236,Coles,Regular Soy Milk,1.15,1.15,1000,1000,Merrylands,1000,ml,1.15,,1,Coles,Drink Soy Regular,https://www.coles.com.au/product/coles-drink-soy-regular-1l-4499631
237,Coles,Regular Spread,1.4,1.4,500,500,East Village,1000,g,3.5,,,,,https://www.coles.com.au/product/coles-spread-regular-1kg-5428639
238,Coles,Regular Spread,1.4,1.4,500,500,Merrylands,1000,g,3.5,,,,,https://www.coles.com.au/product/coles-spread-regular-1kg-5428639
239,Coles,Rice Puffs,1.85,1.85,360,360,East Village,475,g,2.9,,,,,https://www.coles.com.au/product/coles-rice-puffs-475g-4769496
240,Coles,Rice Puffs,1.85,1.85,360,360,Merrylands,475,g,2.9,,,,,https://www.coles.com.au/product/coles-rice-puffs-475g-4769496
241,Coles,Rolled Oats,1.65,1.65,900,900,East Village,900,g,1.65,,,,,https://www.coles.com.au/product/coles-rolled-oats-900g-5290305
242,Coles,Rolled Oats,1.65,1.65,900,900,Merrylands,900,g,1.65,,,,,https://www.coles.com.au/product/coles-rolled-oats-900g-5290305
243,Coles,Round Crumpets 6 pack,1.35,1.35,300,300,East Village,300,g,2,,,,,https://www.coles.com.au/product/coles-crumpet-rounds-6-pack-300g-4723270
244,Coles,Round Crumpets 6 pack,1.35,1.35,300,300,Merrylands,300,g,2,,,,,https://www.coles.com.au/product/coles-crumpet-rounds-6-pack-300g-4723270
245,Coles,RSPCA Approved Chicken Drumsticks Large Pack,4.5,5.5,1000,1000,East Village,1600,g,7.2,,,,,https://www.coles.com.au/product/coles-rspca-approved-chicken-drumsticks-large-pack-approx.-1.6kg-2923835
246,Coles,RSPCA Approved Chicken Drumsticks Large Pack,4.5,5.5,1000,1000,Merrylands,1600,g,7.2,,,,,https://www.coles.com.au/product/coles-rspca-approved-chicken-drumsticks-large-pack-approx.-1.6kg-2923835
247,Coles,Salted Butter,5,5,500,500,East Village,250,g,3.7,,,,,https://www.coles.com.au/product/coles-salted-butter-250g-3169835
248,Coles,Salted Butter,5,5,500,500,Merrylands,250,g,3.7,,,,,https://www.coles.com.au/product/coles-salted-butter-250g-3169835
249,Coles,Smart Buy Baked Beans In Tomato Sauce,0.65,0.65,420,420,East Village,420,g,1.1,,,,,https://www.coles.com.au/product/coles-smart-buy-baked-beans-in-tomato-sauce-420g-7522966
250,Coles,Smart Buy Baked Beans In Tomato Sauce,0.65,0.65,420,420,Merrylands,420,g,1.1,,,,,https://www.coles.com.au/product/coles-smart-buy-baked-beans-in-tomato-sauce-420g-7522966
251,Coles,Smart Buy Baked Beans In Tomato Sauce4,0.65,0.65,420,420,East Village,420,g,1.1,,,,,https://www.coles.com.au/product/coles-smart-buy-baked-beans-in-tomato-sauce-420g-7522966
252,Coles,Smart Buy Baked Beans In Tomato Sauce4,0.65,0.65,420,420,Merrylands,420,g,1.1,,,,,https://www.coles.com.au/product/coles-smart-buy-baked-beans-in-tomato-sauce-420g-7522966
253,Coles,Smokey Baba Ganoush,3,3,150,150,East Village,200,g,4.5,3.5,1,Yumi's,Classic Dip Baba Ganoosh,https://www.coles.com.au/product/yumi's-classic-dip-baba-ganoosh-200g-6416624
254,Coles,Smokey Baba Ganoush,3,3,150,150,Merrylands,,,,,,,,
255,Coles,Smooth Hazelnut Spread,2.5,2.5,400,400,East Village,400,g,2.5,,,,,https://www.coles.com.au/product/coles-hazelnut-smooth-spread-400g-4390993
256,Coles,Smooth Hazelnut Spread,2.5,2.5,400,400,Merrylands,400,g,2.5,,,,,https://www.coles.com.au/product/coles-hazelnut-smooth-spread-400g-4390993
257,Coles,Snap Frozen Cauliflower Prepacked,2.15,2.15,500,500,East Village,500,g,3,,1,Coles,Frozen Cauliflower,https://www.coles.com.au/product/coles-frozen-cauliflower-500g-186587
258,Coles,Snap Frozen Cauliflower Prepacked,2.15,2.15,500,500,Merrylands,500,g,3,,1,Coles,Frozen Cauliflower,https://www.coles.com.au/product/coles-frozen-cauliflower-500g-186587
259,Coles,Soft Multigrain Sandwich Bread,1.6,1.6,650,650,East Village,700,g,2.7,,1,Coles,Soft Multigrain Sandwich Loaf,https://www.coles.com.au/product/coles-soft-multigrain-sandwich-loaf-700g-3378325
260,Coles,Soft Multigrain Sandwich Bread,1.6,1.6,650,650,Merrylands,700,g,2.7,,1,Coles,Soft Multigrain Sandwich Loaf,https://www.coles.com.au/product/coles-soft-multigrain-sandwich-loaf-700g-3378325
261,Coles,Soft White Sandwich,1.6,1.6,650,650,East Village,700,g,2.7,,,,,https://www.coles.com.au/product/coles-soft-white-sandwich-700g-3646151
262,Coles,Soft White Sandwich,1.6,1.6,650,650,Merrylands,700,g,2.7,,,,,https://www.coles.com.au/product/coles-soft-white-sandwich-700g-3646151
263,Coles,Soft Wholemeal Sandwich Bread Loaf,1.6,1.6,650,650,East Village,700,g,2.7,,1,Coles,Soft Wholemeal Sandwich Loaf,https://www.coles.com.au/product/coles-soft-wholemeal-sandwich-loaf-700g-3378303
264,Coles,Soft Wholemeal Sandwich Bread Loaf,1.6,1.6,650,650,Merrylands,700,g,2.7,,1,Coles,Soft Wholemeal Sandwich Loaf,https://www.coles.com.au/product/coles-soft-wholemeal-sandwich-loaf-700g-3378303
265,Coles,Sour Cream,3.4,3.4,500,500,East Village,500,g,4.2,,,,,https://www.coles.com.au/product/coles-sour-cream-500g-3676980
266,Coles,Sour Cream,3.4,3.4,500,500,Merrylands,500,g,4.2,,,,,https://www.coles.com.au/product/coles-sour-cream-500g-3676980
267,Coles,Spirals Pasta,0.8,0.8,500,500,East Village,500,g,0.9,,,,,https://www.coles.com.au/product/coles-spirals-pasta-500g-3329126
268,Coles,Spirals Pasta,0.8,0.8,500,500,Merrylands,500,g,0.9,,,,,https://www.coles.com.au/product/coles-spirals-pasta-500g-3329126
269,Coles,Strawberry Yoghurt Topped Muesli Bars 8 Pack,1.9,1.9,248,248,East Village,248,g,2.5,,1,Coles,Museli Bars Strawberry Yoghurt Top 8 Pack,https://www.coles.com.au/product/coles-muesli-bars-strawberry-yoghurt-top-8-pack-248g-2262449
270,Coles,Strawberry Yoghurt Topped Muesli Bars 8 Pack,1.9,1.9,248,248,Merrylands,248,g,2.5,,1,Coles,Museli Bars Strawberry Yoghurt Top 8 Pack,https://www.coles.com.au/product/coles-muesli-bars-strawberry-yoghurt-top-8-pack-248g-2262449
271,Coles,Sunflower Oil,2.5,2.5,750,750,East Village,750,ml,3.95,,,,,https://www.coles.com.au/product/coles-sunflower-oil-750ml-4615970
272,Coles,Sunflower Oil,2.5,2.5,750,750,Merrylands,750,ml,3.95,,,,,https://www.coles.com.au/product/coles-sunflower-oil-750ml-4615970
273,Coles,Sweet gold potatoes,4.5,4.5,1000,1000,East Village,1000,g,4.5,,,,,https://www.coles.com.au/product/coles-gold-sweet-potatoes-1kg-4291131
274,Coles,Sweet gold potatoes,4.5,4.5,1000,1000,Merrylands,1000,g,4.5,,,,,https://www.coles.com.au/product/coles-gold-sweet-potatoes-1kg-4291131
275,Coles,Tasty Cheddar Cheese,8.8,8.8,1000,1000,East Village,1000,g,14,,1,Coles,Dairy Cheese Tasty,https://www.coles.com.au/product/coles-dairy-cheese-tasty-1kg-287609
276,Coles,Tasty Cheddar Cheese,8.8,8.8,1000,1000,Merrylands,1000,g,14,,1,Coles,Dairy Cheese Tasty,https://www.coles.com.au/product/coles-dairy-cheese-tasty-1kg-287609
277,Coles,Tasty Light Cheddar Cheese Block,8.8,8.8,1000,1000,East Village,1000,g,14,,1,Coles,Dairy Tasty Light Cheese Block,https://www.coles.com.au/product/coles-dairy-tasty-light-cheese-block-1kg-6900933
278,Coles,Tasty Light Cheddar Cheese Block,8.8,8.8,1000,1000,Merrylands,1000,g,14,,1,Coles,Dairy Tasty Light Cheese Block,https://www.coles.com.au/product/coles-dairy-tasty-light-cheese-block-1kg-6900933
279,Coles,Thickened Cream,3,3,600,600,East Village,600,ml,4.5,,,,,https://www.coles.com.au/product/coles-thickened-cream-600ml-246962
280,Coles,Thickened Cream,3,3,600,600,Merrylands,600,ml,4.5,,,,,https://www.coles.com.au/product/coles-thickened-cream-600ml-246962
281,Coles,Thin beef bbq sausages,9.5,9.5,1800,1800,East Village,1800,g,12,,1,Coles,Thin BBQ Sausages,https://www.coles.com.au/product/coles-thin-bbq-sausages-1.8kg-3577650
282,Coles,Thin beef bbq sausages,9.5,9.5,1800,1800,Merrylands,1800,g,12,,1,Coles,Thin BBQ Sausages,https://www.coles.com.au/product/coles-thin-bbq-sausages-1.8kg-3577650
283,Coles,Toasted original muesli,3.5,3.5,750,750,East Village,750,g,3.1,,,,,https://www.coles.com.au/product/coles-toasted-original-muesli-750g-7015480
284,Coles,Toasted original muesli,3.5,3.5,750,750,Merrylands,750,g,3.1,,,,,https://www.coles.com.au/product/coles-toasted-original-muesli-750g-7015480
285,Coles,Tomato Juice,2,2,2000,2000,East Village,2000,ml,2.8,,,,,https://www.coles.com.au/product/coles-tomato-juice-2l-2531562
286,Coles,Tomato Juice,2,2,2000,2000,Merrylands,2000,ml,2.8,,,,,https://www.coles.com.au/product/coles-tomato-juice-2l-2531562
287,Coles,Tuna in Springwater,1.3,1.3,185,185,East Village,185,g,1.8,,,,,https://www.coles.com.au/product/coles-tuna-in-springwater-185g-3544130
288,Coles,Tuna in Springwater,1.3,1.3,185,185,Merrylands,185,g,1.8,,,,,https://www.coles.com.au/product/coles-tuna-in-springwater-185g-3544130
289,Coles,Vegetable Oil Blended,2.5,2.5,750,750,East Village,750,ml,3.95,,,,,https://www.coles.com.au/product/coles-vegetable-oil-blended-750ml-4574919
290,Coles,Vegetable Oil Blended,2.5,2.5,750,750,Merrylands,750,ml,3.95,,,,,https://www.coles.com.au/product/coles-vegetable-oil-blended-750ml-4574919
291,Coles,Wheat Biscuits,3.2,3.2,1120,1120,East Village,1120,g,4.6,,,,,https://www.coles.com.au/product/coles-wheat-biscuits-1.12-kg-7299242
292,Coles,Wheat Biscuits,3.2,3.2,1120,1120,Merrylands,1120,g,4.6,,,,,https://www.coles.com.au/product/coles-wheat-biscuits-1.12-kg-7299242
293,Coles,White Plain Flour,1.8,1.8,2000,2000,East Village,2000,g,2.2,,,,,https://www.coles.com.au/product/coles-white-plain-flour-2kg-5880841
294,Coles,White Plain Flour,1.8,1.8,2000,2000,Merrylands,2000,g,2.2,,,,,https://www.coles.com.au/product/coles-white-plain-flour-2kg-5880841
295,Coles,White Sandwich Bread,1.3,1.3,650,650,East Village,700,g,2.7,,1,Coles,Soft White Sandwich,https://www.coles.com.au/product/coles-soft-white-sandwich-700g-3646151
296,Coles,White Sandwich Bread,1.3,1.3,650,650,Merrylands,700,g,2.7,,1,Coles,Soft White Sandwich,https://www.coles.com.au/product/coles-soft-white-sandwich-700g-3646151
297,Coon,Cheese Block Tasty,10.85,10.85,1000,1000,East Village,1000,g,14.95,,1,Cheer,Tasty Cheese Block,https://www.coles.com.au/product/cheer-tasty-cheese-block-1kg-192411
298,Coon,Cheese Block Tasty,10.85,10.85,1000,1000,Merrylands,1000,g,14.95,,1,Cheer,Cheer Tasty Cheese Block,https://www.coles.com.au/product/cheer-tasty-cheese-block-1kg-192411
299,Coon,Cheese slices 36 pack,10,10,750,750,East Village,750,g,14,,1,Cheer,Tasty Cheese Slices,https://www.coles.com.au/product/cheer-tasty-cheese-slices-750g-3274750
300,Coon,Cheese slices 36 pack,10,10,750,750,Merrylands,750,g,14,,1,Cheer,Cheer Tasty Cheese Slices 48 pack,https://www.coles.com.au/product/cheer-tasty-cheese-slices-750g-3274750
301,Daily juice,Orange juice pulp free,5,5,2000,2000,East Village,2000,ml,5.8,,1,Daily Juice,Pulp Free No Added Sugar Orange Juice,https://www.coles.com.au/product/daily-juice-pulp-free-no-added-sugar-orange-juice-2l-5738160
302,Daily juice,Orange juice pulp free,5,5,2000,2000,Merrylands,2000,ml,5.8,,1,Daily Juice,Daily Juice Pulp Free No Added Sugar Orange Juice,https://www.coles.com.au/product/daily-juice-pulp-free-no-added-sugar-orange-juice-2l-5738160
303,Dandy,Economy Bacon Rashers,9,9,1000,1000,East Village,1000,g,12,,1,Thomson's Deli,Middle Bacon,https://www.coles.com.au/product/thomson's-deli-middle-bacon-1kg-1028220
304,Dandy,Economy Bacon Rashers,9,9,1000,1000,Merrylands,1000,g,12,,1,Thomson's Deli,Middle Bacon,https://www.coles.com.au/product/thomson's-deli-middle-bacon-1kg-1028220
305,Dandy,Middle Bacon,10,10,1000,1000,East Village,1000,g,12,,1,Thomson's Deli,Middle Bacon,https://www.coles.com.au/product/thomson's-deli-middle-bacon-1kg-1028220
306,Dandy,Middle Bacon,10,10,1000,1000,Merrylands,1000,g,12,,1,Thomson's Deli,Middle Bacon,https://www.coles.com.au/product/thomson's-deli-middle-bacon-1kg-1028220
307,Deep Cove,Sardines in springwater,0.75,0.75,125,125,East Village,110,g,3,2.5,1,John West,Wild Scottish Sardines in Springwater,https://www.coles.com.au/product/john-west-wild-scottish-sardines-in-springwater-110g-5237110
308,Deep Cove,Sardines in springwater,0.75,0.75,125,125,Merrylands,110,g,3,2.5,1,John West,Wild Scottish Sardines in Springwater,https://www.coles.com.au/product/john-west-wild-scottish-sardines-in-springwater-110g-5237110
309,Devondale,Sandwich Cheese Slices,5.5,5.5,500,500,East Village,500,g,4.75,,1,Coles,Dairy Cheese Slices Processed,https://www.coles.com.au/product/coles-dairy-cheese-slices-processed-500g-244242
310,Devondale,Sandwich Cheese Slices,5.5,5.5,500,500,Merrylands,500,g,4.75,,1,Coles,Dairy Cheese Slices Processed,https://www.coles.com.au/product/coles-dairy-cheese-slices-processed-500g-244242
311,Devondale,Sandwich Cheese Slices 36 Pack,6.9,6.9,750,750,East Village,648,g,12,,1,DairyLea,Regular Cheese Slices 36 Pack,https://www.coles.com.au/product/dairylea-regular-cheese-slices-36-pack-648g-5185821
312,Devondale,Sandwich Cheese Slices 36 Pack,6.9,6.9,750,750,Merrylands,648,g,12,,1,DairyLea,Regular Cheese Slices 36 Pack,https://www.coles.com.au/product/dairylea-regular-cheese-slices-36-pack-648g-5185821
313,Devondale ,Full Cream Long Life Milk,1.45,1.45,1000,1000,East Village,1000,ml,2.2,,,,,https://www.coles.com.au/product/devondale-full-cream-long-life-milk-1l-301721
314,Devondale ,Full Cream Long Life Milk,1.45,1.45,1000,1000,Merrylands,1000,ml,2.2,,,,,https://www.coles.com.au/product/devondale-full-cream-long-life-milk-1l-301721
315,Devondale ,Semi Skim Long Life Milk,1.45,1.45,1000,1000,East Village,1000,ml,2.2,,,,,https://www.coles.com.au/product/devondale-semi-skim-long-life-milk-1l-4824856
316,Devondale ,Semi Skim Long Life Milk,1.45,1.45,1000,1000,Merrylands,1000,ml,2.2,,,,,https://www.coles.com.au/product/devondale-semi-skim-long-life-milk-1l-4824856
317,Dick Smith's,Bush Foods Breakfast Cereal,5.35,5.35,500,500,East Village,500,g,5.5,,,,,https://www.coles.com.au/product/dick-smith's-bush-foods-breakfast-cereal-500g-9307352
318,Dick Smith's,Bush Foods Breakfast Cereal,5.35,5.35,500,500,Merrylands,500,g,5.5,,,,,https://www.coles.com.au/product/dick-smith's-bush-foods-breakfast-cereal-500g-9307352
319,Dole,Pineapple in Juice,3.5,3.5,695,695,East Village,822,g,5.25,4.7,1,Dole,Pineapple Slices in Juice,https://www.coles.com.au/product/dole-pineapple-slices-in-juice-822g-4314157
320,Dole,Pineapple in Juice,3.5,3.5,695,695,Merrylands,822,g,5.25,4.7,1,Dole,Pineapple Slices in Juice,https://www.coles.com.au/product/dole-pineapple-slices-in-juice-822g-4314157
321,Essentials,White Sandwich Bread,1.3,1.3,650,650,East Village,650,g,2.4,,1,Coles,White Bread,https://www.coles.com.au/product/coles-white-bread-650g-4901345
322,Essentials,White Sandwich Bread,1.3,1.3,650,650,Merrylands,700,g,2.7,,1,Coles,Soft White Sandwich,https://www.coles.com.au/product/coles-soft-white-sandwich-700g-3646151
323,Evergreen,Firm Tofu,4.5,4.5,900,900,East Village,375,g,4.8,,1,Simply Better,Plain Firm Tofu,https://www.coles.com.au/product/simply-better-plain-firm-tofu-375g-5005602
324,Evergreen,Firm Tofu,4.5,4.5,900,900,Merrylands,375,g,4.8,,1,Simply Better,Plain Firm Tofu,https://www.coles.com.au/product/simply-better-plain-firm-tofu-375g-5005602
325,Evergreen,Original Tofu,4.4,5,900,900,East Village,,,,,,,,
326,Evergreen,Original Tofu,4.4,5,900,900,Merrylands,,,,,,,,
327,Farm Pride,Farm Fresh Cage Eggs 12 pack,3.5,3.5,700,700,East Village,700,g,4.5,,,,,https://www.coles.com.au/product/farm-fresh-cage-eggs-12-pack-700g-2915961
328,Farm Pride,Farm Fresh Cage Eggs 12 pack,3.5,3.5,700,700,Merrylands,600,g,4.2,,,,,https://www.coles.com.au/product/fresh-farm-cage-eggs-12pack-600g-3937824
329,Farmer's Co,Bush Foods Breakfast Cereal,5.35,5.35,500,500,East Village,500,g,5.5,,1,Dick Smiths,Bush Foods Breakfast Cereal,https://www.coles.com.au/product/dick-smith's-bush-foods-breakfast-cereal-500g-9307352
330,Farmer's Co,Bush Foods Breakfast Cereal,5.35,5.35,500,500,Merrylands,500,g,5.5,,1,Dick Smiths,Bush Foods Breakfast Cereal,https://www.coles.com.au/product/dick-smith's-bush-foods-breakfast-cereal-500g-9307352
331,Farmers Co.,Bush Foods Breakfast Cereal,5.35,5.35,500,500,East Village,500,g,5.5,,1,Dick Smiths,Bush Foods Breakfast Cereal,https://www.coles.com.au/product/dick-smith's-bush-foods-breakfast-cereal-500g-9307352
332,Farmers Co.,Bush Foods Breakfast Cereal,5.35,5.35,500,500,Merrylands,500,g,5.5,,1,Dick Smiths,Bush Foods Breakfast Cereal,https://www.coles.com.au/product/dick-smith's-bush-foods-breakfast-cereal-500g-9307352
333,Farmers union,Greek Style Natural Yoghurt,5.2,5.2,1000,1000,East Village,1000,g,6.5,,,,,https://www.coles.com.au/product/farmers-union-greek-style-natural-yoghurt-1kg-5266865
334,Farmers union,Greek Style Natural Yoghurt,5.2,5.2,1000,1000,Merrylands,1000,g,6.5,,,,,https://www.coles.com.au/product/farmers-union-greek-style-natural-yoghurt-1kg-5266865
335,Farmers union,Iced Coffee,4.3,4.3,2000,2000,East Village,2000,ml,6,,,,,https://www.coles.com.au/product/farmers-union-iced-coffee-2l-3223679
336,Farmers union,Iced Coffee,4.3,4.3,2000,2000,Merrylands,2000,ml,6,,,,,https://www.coles.com.au/product/farmers-union-iced-coffee-2l-3223679
337,Farmers Union,Greek Style Natural Yoghurt,5.2,5.2,1000,1000,East Village,1000,g,6.5,,,,,https://www.coles.com.au/product/farmers-union-greek-style-natural-yoghurt-1kg-5266865
338,Farmers Union,Greek Style Natural Yoghurt,5.2,5.2,1000,1000,Merrylands,1000,g,6.5,,,,,https://www.coles.com.au/product/farmers-union-greek-style-natural-yoghurt-1kg-5266865
339,Five:am,Simply Greek Yoghurt,9.5,9.5,1800,1800,East Village,2000,g,12.4,,1,Jalna,Pot Set Greek Style Natural Yoghurt,https://www.coles.com.au/product/jalna-pot-set-greek-style-natural-yoghurt-2kg-5763167
340,Five:am,Simply Greek Yoghurt,9.5,9.5,1800,1800,Merrylands,2000,g,12.4,,1,Jalna,Pot Set Greek Style Natural Yoghurt,https://www.coles.com.au/product/jalna-pot-set-greek-style-natural-yoghurt-2kg-5763167
341,Gardener,Mixed Blossom Honey,6.5,6.5,700,700,East Village,,,,,,,,
342,Gardener,Mixed Blossom Honey,6.5,6.5,700,700,Merrylands,,,,,,,,
343,Golden,Waffles light and buttery,5,5,220,220,East Village,220,g,7,,,,,https://www.coles.com.au/product/golden-light-and-buttery-waffles-8-pack-220g-3190092
344,Golden,Waffles light and buttery,5,5,220,220,Merrylands,220,g,7,,,,,https://www.coles.com.au/product/golden-light-and-buttery-waffles-8-pack-220g-3190092
345,Golden Circle,Cordial fruit cup crush,3,4,2000,2000,East Village,2000,ml,5,4,1,Golden Circle,Cordial Fruit Cup,https://www.coles.com.au/product/golden-circle-cordial-fruit-cup-cordial-2l-219245
346,Golden Circle,Cordial fruit cup crush,3,4,2000,2000,Merrylands,2000,ml,5,4,1,Golden Circle,Cordial Fruit Cup,https://www.coles.com.au/product/golden-circle-cordial-fruit-cup-cordial-2l-219245
347,Golden Circle,Fruit Cup fruit drink,3,3,2000,2000,East Village,2000,ml,5,4,1,Golden Circle,Cordial Fruit Cup,https://www.coles.com.au/product/golden-circle-cordial-fruit-cup-cordial-2l-219245
348,Golden Circle,Fruit Cup fruit drink,3,3,2000,2000,Merrylands,2000,ml,5,4,1,Golden Circle,Cordial Fruit Cup,https://www.coles.com.au/product/golden-circle-cordial-fruit-cup-cordial-2l-219245
349,Great Ocean Rd,Chocolate flavoured milk,3.85,3.85,2000,2000,East Village,2000,ml,5.35,,,,,https://www.coles.com.au/product/great-ocean-road-chocolate-flavoured-milk-2l-9321230
350,Great Ocean Rd,Chocolate flavoured milk,3.85,3.85,2000,2000,Merrylands,2000,ml,5.35,,,,,https://www.coles.com.au/product/great-ocean-road-chocolate-flavoured-milk-2l-9321230
351,Great Temptations,Gluten Free Orange & Poppy Seed Muffins,5,5,180,180,East Village,,,,,,,,
352,Great Temptations,Gluten Free Orange & Poppy Seed Muffins,5,5,180,180,Merrylands,,,,,,,,
353,Hanabi,Pineapple cut squid,14.95,14.95,1000,1000,East Village,1000,g,14,12,1,I&J,The Finest Frozen Squid Tubes,https://www.coles.com.au/product/iandj-the-finest-frozen-squid-tubes-1kg-3580202
354,Hanabi,Pineapple cut squid,14.95,14.95,1000,1000,Merrylands,1000,g,14,12,1,I&J,The Finest Frozen Squid Tubes,https://www.coles.com.au/product/iandj-the-finest-frozen-squid-tubes-1kg-3580202
355,Hans,Pork Ham Steaks,4,4,300,300,East Village,,,,,,,,
356,Hans,Pork Ham Steaks,4,4,300,300,Merrylands,,,,,,,,
357,Helgas,Gluten Free Traditional White Rolls,7,7,320,320,East Village,,,,,,,,
358,Helgas,Gluten Free Traditional White Rolls,7,7,320,320,Merrylands,,,,,,,,
359,Helgas,Gluten Free Traditional Wholemeal Bread,7,7,500,500,East Village,500,g,7.5,6.7,,,,https://www.coles.com.au/product/helga's-gluten-free-traditional-wholemeal-bread-500g-3237957
360,Helgas,Gluten Free Traditional Wholemeal Bread,7,7,500,500,Merrylands,500,g,7.5,6.7,,,,https://www.coles.com.au/product/helga's-gluten-free-traditional-wholemeal-bread-500g-3237957
361,Heritage Mill,Quick Oats,3.5,3.5,1000,1000,East Village,1800,g,3.1,,1,Coles,Quick Oats,https://www.coles.com.au/product/coles-quick-oats-1.8kg-4972412
362,Heritage Mill,Quick Oats,3.5,3.5,1000,1000,Merrylands,1000,g,6.5,,1,Uncle Tobys,Quick Oats Porridge,https://www.coles.com.au/product/uncle-tobys-quick-oats-porridge-1kg-152009
363,Hillview,Cheese Block,8,8,1000,1000,East Village,1000,g,14,,1,Coles,Dairy Tasty Cheese,https://www.coles.com.au/product/coles-dairy-cheese-tasty-1kg-287609
364,Hillview,Cheese Block,8,8,1000,1000,Merrylands,1000,g,14,,1,Coles,Dairy Cheese Tasty,https://www.coles.com.au/product/coles-dairy-cheese-tasty-1kg-287609
365,Hillview,Cheese Slices Reduced Fat,3.9,3.9,500,500,East Village,432,g,9,7,1,DairyLea,Less Fat Light Cheese Slices 24 Pack,https://www.coles.com.au/product/dairylea-less-fat-light-cheese-slices-24-pack-432g-6679678
366,Hillview,Cheese Slices Reduced Fat,3.9,3.9,500,500,Merrylands,432,g,9,7,1,DairyLea,Less Fat Light Cheese Slices 24 Pack,https://www.coles.com.au/product/dairylea-less-fat-light-cheese-slices-24-pack-432g-6679678
367,I & J,Fish Fillets Beer Battered,11,11,1030,1030,East Village,1030,g,13,,1,I&J,Beer Batter Wild Caught Fish Fillets,https://www.coles.com.au/product/iandj-beer-batter-wild-caught-fish-fillets-1.03kg-3615748
368,I & J,Fish Fillets Beer Battered,11,11,1030,1030,Merrylands,1030,g,13,,1,I&J,I&J Beer Batter Wild Caught Fish Fillets,https://www.coles.com.au/product/iandj-beer-batter-wild-caught-fish-fillets-1.03kg-3615748
369,I&J,The Finest Frozen Basa Fillets,9,9,1000,1000,East Village,1000,g,9,,,,,https://www.coles.com.au/product/iandj-the-finest-frozen-basa-fillets-1kg-3580100
370,I&J,The Finest Frozen Basa Fillets,9,9,1000,1000,Merrylands,1000,g,9,,,,,https://www.coles.com.au/product/iandj-the-finest-frozen-basa-fillets-1kg-3580100
371,I&J,The Finest Frozen Squid Tubes,12,12,1000,1000,East Village,1000,g,14,12,,,,https://www.coles.com.au/product/iandj-the-finest-frozen-squid-tubes-1kg-3580202
372,I&J,The Finest Frozen Squid Tubes,12,12,1000,1000,Merrylands,1000,g,14,12,,,,https://www.coles.com.au/product/iandj-the-finest-frozen-squid-tubes-1kg-3580202
373,Inghams,Chicken Drumsticks bagged,9,9,2000,2000,East Village,1600,g,7.2,,1,Coles,RSPCA Approved Chicken Drumsticks Large Pack,https://www.coles.com.au/product/coles-rspca-approved-chicken-drumsticks-large-pack-approx.-1.6kg-2923835
374,Inghams,Chicken Drumsticks bagged,9,9,2000,2000,Merrylands,2000,g,8,,1,Coles,RSPCA Approved Chicken Drumsticks,https://www.coles.com.au/product/coles-rspca-approved-chicken-drumsticks-2kg-2263260
375,Inghams,Fresh whole chicken,3.9,3.9,1000,1000,East Village,1800,g,22.5,,1,Inglewood,Farms Organic Whole Chicken,https://www.coles.com.au/product/inglewood-farms-organic-whole-chicken-approx.-1.8kg-4660067
376,Inghams,Fresh whole chicken,3.9,3.9,1000,1000,Merrylands,1650,g,8.25,,1,Coles,RSPCA Approved Medium Whole Chicken,https://www.coles.com.au/product/coles-rspca-approved-medium-whole-chicken-approx.-1.65kg-2782438
377,Jase's Kitchen,Frozen Pizza Base Gluten Free 2 pack,8,8,380,380,East Village,300,g,6.4,,1,Coles,Gluten Free Pizza Base,https://www.coles.com.au/product/coles-gluten-free-pizza-base-300g-1595548
378,Jase's Kitchen,Frozen Pizza Base Gluten Free 2 pack,8,8,380,380,Merrylands,300,g,6.4,,1,Coles,Gluten Free Pizza Base,https://www.coles.com.au/product/coles-gluten-free-pizza-base-300g-1595548
379,Jordans,Crispy Oat Clusters Berry,7,7,500,500,East Village,500,g,8.5,,1,Jordans,Crispy Oat Clusters Chunky Nut,https://www.coles.com.au/product/jordans-crispy-oat-clusters-chunky-nut-500g-1315346
380,Jordans,Crispy Oat Clusters Berry,7,7,500,500,Merrylands,500,g,8.5,,1,Jordans,Crispy Oat Clusters Strawberry,https://www.coles.com.au/product/jordans-crispy-oat-clusters-strawberry-500g-1315368
381,Julian's,Pizza base 11 inch gluten free,4.99,4.99,260,260,East Village,300,g,6.4,,1,Coles,Gluten Free Pizza Base,https://www.coles.com.au/product/coles-gluten-free-pizza-base-300g-1595548
382,Julian's,Pizza base 11 inch gluten free,4.99,4.99,260,260,Merrylands,300,g,6.4,,1,Coles,Gluten Free Pizza Base,https://www.coles.com.au/product/coles-gluten-free-pizza-base-300g-1595548
383,Just 4 You,12 Extra Large Caged Eggs,3.5,3.5,700,700,East Village,700,g,4.5,,1,Farm Fresh,Cage Eggs,https://www.coles.com.au/product/farm-fresh-cage-eggs-12-pack-700g-2915961
384,Just 4 You,12 Extra Large Caged Eggs,3.5,3.5,700,700,Merrylands,,,,,,,,
385,Just Caught,Crumbed Pollock Fillets,12,12,1000,1000,East Village,,,,,,,,
386,Just Caught,Crumbed Pollock Fillets,12,12,1000,1000,Merrylands,,,,,,,,
387,Just Caught,Whiting Fillets Skin On,12,12,1000,1000,East Village,500,g,11,,1,I&J,Southern Blue Whiting Fillets,https://www.coles.com.au/product/iandj-southern-blue-whiting-fillets-500g-3754380
388,Just Caught,Whiting Fillets Skin On,12,12,1000,1000,Merrylands,500,g,11,,1,I&J,Southern Blue Whiting Fillets,https://www.coles.com.au/product/iandj-southern-blue-whiting-fillets-500g-3754380
389,La Tosca,Spinach Ricotta Tortellini,6,6,750,750,East Village,565,g,10,,1,Rana,Spinach & Ricotta Tortellini,https://www.coles.com.au/product/rana-spinach-and-ricotta-tortellini-565g-4274890
390,La Tosca,Spinach Ricotta Tortellini,6,6,750,750,Merrylands,565,g,10,,1,Rana,Spinach & Ricotta Tortellini,https://www.coles.com.au/product/rana-spinach-and-ricotta-tortellini-565g-4274890
391,Latina,Fresh Ham cheese tortellini,8,8,625,625,East Village,600,g,5,,1,Coles,Ham and Cheese Tortellini,https://www.coles.com.au/product/coles-ham-and-cheese-tortellini-600g-4690319
392,Latina,Fresh Ham cheese tortellini,8,8,625,625,Merrylands,600,g,5,,1,Coles,Ham and Cheese Tortellini,https://www.coles.com.au/product/coles-ham-and-cheese-tortellini-600g-4690319
393,Latina,Fresh Ricotta and Spinach Agnolotti,6.5,8,375,625,East Village,625,g,8.5,,,,,https://www.coles.com.au/product/latina-fresh-ricotta-and-spinach-agnolotti-625g-5469181
394,Latina,Fresh Ricotta and Spinach Agnolotti,6.5,8,375,625,Merrylands,375,g,7,,,,,https://www.coles.com.au/product/latina-fresh-ricotta-and-spinach-agnolotti-375g-5280232
395,Leggos,Tortellini ricotta and roast vege,8,8,630,630,East Village,,,,,,,,
396,Leggos,Tortellini ricotta and roast vege,8,8,630,630,Merrylands,,,,,,,,
397,Lilydale,Free Range Chicken Drumsticks Bulk Pack,6,6,1000,1000,East Village,1400,g,9.1,,1,Coles,Free Range RSPCA Approved Chicken Drumsticks,https://www.coles.com.au/product/coles-free-range-rspca-approved-chicken-drumsticks-approx.-1.4kg-3228774
398,Lilydale,Free Range Chicken Drumsticks Bulk Pack,6,6,1000,1000,Merrylands,1000,g,8,,,,,https://www.coles.com.au/product/lilydale-free-range-chicken-drumsticks-bulk-pack-approx.-1kg-each-2303852
399,Lowan,Cereal Cocoa Bombs,4,4,350,350,East Village,350,g,4,,,,,https://www.coles.com.au/product/lowan-cocoa-bombs-350g-9559129
400,Lowan,Cereal Cocoa Bombs,4,4,350,350,Merrylands,350,g,4,,1,Lowan,Cocoa Bombs,https://www.coles.com.au/product/lowan-cocoa-bombs-350g-9559129
401,Lowan,Muesli Apricot & Almond,4.5,4.5,650,650,East Village,650,g,4.5,,1,Morning Sun,Natural Apricot & Almond Muesli,https://www.coles.com.au/product/morning-sun-natural-apricot-and-almond-muesli-650g-376980
402,Lowan,Muesli Apricot & Almond,4.5,4.5,650,650,Merrylands,750,g,5,,1,Heritage Mill,Muesli Almond & Apricot,https://www.coles.com.au/product/heritage-mill-muesli-almond-and-apricot-750g-5283762
403,Lowan,Quick Oats,4,4,1000,1000,East Village,1000,g,6.5,,1,Uncle Tobys,Quick Oats Porridge,https://www.coles.com.au/product/uncle-tobys-quick-oats-porridge-1kg-152009
404,Lowan,Quick Oats,4,4,1000,1000,Merrylands,1000,g,6.5,,1,Uncle Tobys,Quick Oats Porridge,https://www.coles.com.au/product/uncle-tobys-quick-oats-porridge-1kg-152009
405,Lowan ,Cocoa Bombs,4,4,350,350,East Village,350,g,4,,,,,https://www.coles.com.au/product/lowan-cocoa-bombs-350g-9559129
406,Lowan ,Cocoa Bombs,4,4,350,350,Merrylands,350,g,4,,,,,https://www.coles.com.au/product/lowan-cocoa-bombs-350g-9559129
407,Macro,Firm Tofu,3.65,3.65,450,450,East Village,,,,,,,,
408,Macro,Firm Tofu,3.65,3.65,450,450,Merrylands,,,,,,,,
409,Macro,Organic Rice Milk,1.65,1.65,1000,1000,East Village,1000,ml,2.6,,1,Pureharvest,Organic Aussie Dream Rice Milk,https://www.coles.com.au/product/pureharvest-organic-aussie-dream-rice-milk-1l-5419194
410,Macro,Organic Rice Milk,1.65,1.65,1000,1000,Merrylands,1000,ml,2.6,,1,Pureharvest,Organic Aussie Dream Rice Milk,https://www.coles.com.au/product/pureharvest-organic-aussie-dream-rice-milk-1l-5419194
411,Macro,Organic Soy Long Life Milk,1.6,1.6,1000,1000,East Village,1000,ml,2.45,,1,Vitasoy,Soy Milky Regular Long Life Milk,https://www.coles.com.au/product/vitasoy-soy-milky-regular-long-life-milk-1l-1l-5231292
412,Macro,Organic Soy Long Life Milk,1.6,1.6,1000,1000,Merrylands,1000,ml,2.45,,1,Vitasoy,Soy Milky Regular Long Life Milk,https://www.coles.com.au/product/vitasoy-soy-milky-regular-long-life-milk-1l-1l-5231292
413,Macro,Organic Wholemeal Spaghetti,1.65,1.75,500,500,East Village,500,g,1.65,,1,Coles,Organic Wholemeal Spaghetti,https://www.coles.com.au/product/coles-organic-wholemeal-spaghetti-500g-3380305
414,Macro,Organic Wholemeal Spaghetti,1.65,1.75,500,500,Merrylands,500,g,1.65,,1,Coles,Organic Wholemeal Spaghetti,https://www.coles.com.au/product/coles-organic-wholemeal-spaghetti-500g-3380305
415,Masterfoods,Heat and Eat Jaipur Vegetables,3.5,3.5,285,285,East Village,,,,,,,,
416,Masterfoods,Heat and Eat Jaipur Vegetables,3.5,3.5,285,285,Merrylands,,,,,,,,
417,Mayfair,Devon Slices,1.3,1.3,100,100,East Village,100,g,1.3,,1,Thomson's Deli,Devon,https://www.coles.com.au/product/thomson's-deli-devon-100g-5005770
418,Mayfair,Devon Slices,1.3,1.3,100,100,Merrylands,100,g,1.3,,1,Thomson's Deli,Sliced Devon,https://www.coles.com.au/product/thomson's-deli-devon-100g-5005770
419,Morning Sun,Apricot and almond muesli,3.5,3.5,650,650,East Village,650,g,4.5,,,,,https://www.coles.com.au/product/morning-sun-natural-apricot-and-almond-muesli-650g-376980
420,Morning Sun,Apricot and almond muesli,3.5,3.5,650,650,Merrylands,650,g,4.5,,,,,https://www.coles.com.au/product/morning-sun-natural-apricot-and-almond-muesli-650g-376980
421,Myrtle Creek,Cage Free Extra Large Eggs 12 Pack,3.95,3.95,700,700,East Village,700,g,4.95,,,,,https://www.coles.com.au/product/myrtle-creek-cage-free-extra-large-eggs-12-pack-700g-3208879
422,Myrtle Creek,Cage Free Extra Large Eggs 12 Pack,3.95,3.95,700,700,Merrylands,700,g,4.95,,,,,https://www.coles.com.au/product/myrtle-creek-cage-free-extra-large-eggs-12-pack-700g-3208879
423,Natures nutrients,Frozen chopped spinach,1,1,250,250,East Village,250,g,1,,,,,https://www.coles.com.au/product/natures-nutrients-frozen-chopped-spinach-250g-1313760
424,Natures nutrients,Frozen chopped spinach,1,1,250,250,Merrylands,250,g,1,,,,,https://www.coles.com.au/product/natures-nutrients-frozen-chopped-spinach-250g-1313760
425,Neptune,Frozen Fish Fingers,5.4,5.4,1000,1000,East Village,1000,g,10.5,,1,Birds Eye,Frozen Fish Fingers 40 Pieces,https://www.coles.com.au/product/birds-eye-frozen-fish-fingers-40-pieces-1kg-292937
426,Neptune,Frozen Fish Fingers,5.4,5.4,1000,1000,Merrylands,1000,g,10.5,,1,Birds Eye,Frozen Fish Fingers 40 Pieces,https://www.coles.com.au/product/birds-eye-frozen-fish-fingers-40-pieces-1kg-292937
427,Nestle,Milo  Ready To Drink,4,4,600,600,East Village,,,,,,,,
428,Nestle,Milo  Ready To Drink,4,4,600,600,Merrylands,,,,,,,,
429,Nestle,Milo Ready To Drink 3 pack,4,4,600,600,East Village,,,,,,,,
430,Nestle,Milo Ready To Drink 3 pack,4,4,600,600,Merrylands,,,,,,,,
431,Nestle,Sustagen Vanilla Ready To Drink,5.9,5.9,750,750,East Village,,,,,,,,
432,Nestle,Sustagen Vanilla Ready To Drink,5.9,5.9,750,750,Merrylands,,,,,,,,
433,Oak,Iced coffee,4.5,4.5,2000,2000,East Village,2000,ml,5.8,,1,Oak,Iced Coffee Flavoured Milk,https://www.coles.com.au/product/oak-iced-coffee-flavoured-milk-2l-7888786
434,Oak,Iced coffee,4.5,4.5,2000,2000,Merrylands,2000,ml,5.8,,1,Oak,Iced Coffee Flavoured Milk,https://www.coles.com.au/product/oak-iced-coffee-flavoured-milk-2l-7888786
435,Oak,Strawberry milk,4.5,4.5,2000,2000,East Village,2000,ml,5.8,,,,,https://www.coles.com.au/product/oak-classic-strawberry-flavoured-milk-2l-5467233
436,Oak,Strawberry milk,4.5,4.5,2000,2000,Merrylands,2000,ml,5.8,,1,Oak,Classic Strawberry Flavoured Milk,https://www.coles.com.au/product/oak-classic-strawberry-flavoured-milk-2l-5467233
437,Pace,Pace Farm Fresh Jumbo Cage Eggs 12 pack,5,5.2,700,800,East Village,700,g,6.1,,1,Pace Farm,Liberty Cage Free Eggs 12 Pack,https://www.coles.com.au/product/pace-farm-liberty-cage-free-eggs-12-pack-700g-6949783
438,Pace,Pace Farm Fresh Jumbo Cage Eggs 12 pack,5,5.2,700,800,Merrylands,700,g,6.1,,1,Pace,Pace Farm Liberty Cage Free Eggs,https://www.coles.com.au/product/pace-farm-liberty-cage-free-eggs-12-pack-700g-6949783
439,Pauls,Greek Style Yoghurt 3.8%,10,10,2000,2000,East Village,2000,g,12.4,,1,Jalna,Pot Set Greek Style Natural Yoghurt,https://www.coles.com.au/product/jalna-pot-set-greek-style-natural-yoghurt-2kg-5763167
440,Pauls,Greek Style Yoghurt 3.8%,10,10,2000,2000,Merrylands,,,,,,,,
441,Primo,BBQ Sausages,5,5,800,800,East Village,,,,,,,,
442,Primo,BBQ Sausages,5,5,800,800,Merrylands,,,,,,,,
443,Primo,Dairy Cocktail Franks,3.15,3.15,500,500,East Village,1000,g,7.4,,1,Primo,Cocktail Frankfurts,https://www.coles.com.au/product/primo-cocktail-frankfurts-1-kg-4509983
444,Primo,Dairy Cocktail Franks,3.15,3.15,500,500,Merrylands,1000,g,7.4,,1,Primo,Cocktail Frankfurts,https://www.coles.com.au/product/primo-cocktail-frankfurts-1-kg-4509983
445,Primo,Dairy Thin Franks,3.15,3.15,500,500,East Village,1000,g,7.4,,1,Primo,Thin franks,https://www.coles.com.au/product/primo-thin-frankfurts-1-kg-4510009
446,Primo,Dairy Thin Franks,3.15,3.15,500,500,Merrylands,1000,g,7.4,,1,Primo,Thin franks,https://www.coles.com.au/product/primo-thin-frankfurts-1-kg-4510009
447,Primo,Frankfurts Slim,6.5,6.5,1000,1000,East Village,1000,g,7.4,,1,Primo,Thin Frankfurt,https://www.coles.com.au/product/primo-thin-frankfurt-1kg-2140871
448,Primo,Frankfurts Slim,6.5,6.5,1000,1000,Merrylands,1000,g,7.4,,1,Primo,Thin Frankfurt,https://www.coles.com.au/product/primo-thin-frankfurt-1kg-2140871
449,Pureharvest,Aussie Dream Rice Milk,2.2,2.2,1000,1000,East Village,1000,ml,2.6,,,,,https://www.coles.com.au/product/pureharvest-organic-aussie-dream-rice-milk-1l-5419194
450,Pureharvest,Aussie Dream Rice Milk,2.2,2.2,1000,1000,Merrylands,1000,ml,2.6,,,,,https://www.coles.com.au/product/pureharvest-organic-aussie-dream-rice-milk-1l-5419194
451,Royal Ebi,Basa Cutlets,8.5,8.5,1000,1000,East Village,1000,g,12,,,,,https://www.coles.com.au/product/royal-ebi-basa-cutlets-1kg-3626755
452,Royal Ebi,Basa Cutlets,8.5,8.5,1000,1000,Merrylands,1000,g,12,,,,,https://www.coles.com.au/product/royal-ebi-basa-cutlets-1kg-3626755
453,Sanitarium,UP&GO Liquid Breakfast Choc Ice,4.8,9.7,1000,1500,East Village,1500,ml,10.5,,1,Sanitarium,Up&Go Choc Ice Cereal,https://www.coles.com.au/product/sanitarium-upandgo-choc-ice-cereal-6x250ml-1.5l-9490791
454,Sanitarium,UP&GO Liquid Breakfast Choc Ice,4.8,9.7,1000,1500,Merrylands,1500,ml,10.5,,1,Sanitarium,Up&Go Choc Ice Cereal,https://www.coles.com.au/product/sanitarium-upandgo-choc-ice-cereal-6x250ml-1.5l-9490791
455,Sanitarium,UP&GO Liquid Breakfast Choc Ice 3 pack,4.95,4.95,750,750,East Village,750,ml,5.6,,,,,https://www.coles.com.au/product/sanitarium-upandgo-liquid-breakfast-chocolate-ice-3x250ml-750ml-7144632
456,Sanitarium,UP&GO Liquid Breakfast Choc Ice 3 pack,4.95,4.95,750,750,Merrylands,750,ml,5.6,,,,,https://www.coles.com.au/product/sanitarium-upandgo-liquid-breakfast-chocolate-ice-3x250ml-750ml-7144632
457,Sanitarium,Up&go Liquid Breakfast Choc Ice 6 pack,9.7,9.7,1500,1500,East Village,1500,ml,10.5,,1,Sanitarium,Up&Go Choc Ice Cereal,https://www.coles.com.au/product/sanitarium-upandgo-choc-ice-cereal-6x250ml-1.5l-9490791
458,Sanitarium,Up&go Liquid Breakfast Choc Ice 6 pack,9.7,9.7,1500,1500,Merrylands,1500,ml,10.5,,1,Sanitarium,Up&Go Choc Ice Cereal,https://www.coles.com.au/product/sanitarium-upandgo-choc-ice-cereal-6x250ml-1.5l-9490791
459,Sanitarium,UP&GO Liquid Breakfast Strawberry,9.7,9.7,1500,1500,East Village,1500,ml,10.5,,1,Sanitarium,Up&Go Strawberry Cereal,https://www.coles.com.au/product/sanitarium-upandgo-strawberry-cereal-6x250ml-1.5l-9490656
460,Sanitarium,UP&GO Liquid Breakfast Strawberry,9.7,9.7,1500,1500,Merrylands,1500,ml,10.5,,1,Sanitarium,Up&Go Strawberry Cereal,https://www.coles.com.au/product/sanitarium-upandgo-strawberry-cereal-6x250ml-1.5l-9490656
461,Seacrown,Sardines in Vegetable oil,0.75,0.75,125,125,East Village,125,g,0.85,,,,,https://www.coles.com.au/product/seacrown-sardines-in-vegetable-oil-125g-4486470
462,Seacrown,Sardines in Vegetable oil,0.75,0.75,125,125,Merrylands,125,g,0.85,,,,,https://www.coles.com.au/product/seacrown-sardines-in-vegetable-oil-125g-4486470
463,Sunny Queen,Extra Large free range Eggs 12 Pack,5.5,5.5,700,700,East Village,700,g,7.2,,,,,https://www.coles.com.au/product/sunny-queen-free-range-extra-large-eggs-12-pack-700g-5417789
464,Sunny Queen,Extra Large free range Eggs 12 Pack,5.5,5.5,700,700,Merrylands,700,g,7.2,,,,,https://www.coles.com.au/product/sunny-queen-free-range-extra-large-eggs-12-pack-700g-5417789
465,Sunrice,White Rice Premium Long Grain,2,2,1000,1000,East Village,1000,g,2.4,,,,,https://www.coles.com.au/product/sunrice-long-grain-premium-white-rice-1kg-122518
466,Sunrice,White Rice Premium Long Grain,2,2,1000,1000,Merrylands,1000,g,2.4,,,,,https://www.coles.com.au/product/sunrice-long-grain-premium-white-rice-1kg-122518
467,Tablelands,Tablelands Dairy Free Buttery,2.1,2.1,500,500,East Village,,,,,,,,
468,Tablelands,Tablelands Dairy Free Buttery,2.1,2.1,500,500,Merrylands,,,,,,,,
469,Tamar Valley,Greek Yoghurt,6.4,6.4,1000,1000,East Village,1000,g,8,6,,,,https://www.coles.com.au/product/tamar-valley-greek-yoghurt-1kg-2130299
470,Tamar Valley,Greek Yoghurt,6.4,6.4,1000,1000,Merrylands,1000,g,8,6,,,,https://www.coles.com.au/product/tamar-valley-greek-yoghurt-1kg-2130299
471,Tasti,Nut Bar Peanut Butter,5,5,420,420,East Village,180,g,6.9,4,1,Carman's,Protein Nut Butter Peanut Butter,https://www.coles.com.au/product/carman's-protein-nut-butter-peanut-butter-180g-4-pack-5153439
472,Tasti,Nut Bar Peanut Butter,5,5,420,420,Merrylands,180,g,6.9,4,1,Carman's,Protein Nut Butter Peanut Butter,https://www.coles.com.au/product/carman's-protein-nut-butter-peanut-butter-180g-4-pack-5153439
473,TCC,TCC Light Coconut Milk,1.5,1.5,400,400,East Village,400,ml,2.3,,,,,https://www.coles.com.au/product/tcc-light-coconut-milk-400ml-7054482
474,TCC,TCC Light Coconut Milk,1.5,1.5,400,400,Merrylands,400,ml,2.3,,,,,https://www.coles.com.au/product/tcc-light-coconut-milk-400ml-7054482
475,The Alternative Meat Co,Bean Supreme Black Bean Beetroot Burger 4 pack,8,8,340,340,East Village,250,g,7,6,1,Wildly Good,Beetroot & Black Bean Burgers,https://www.coles.com.au/product/wildly-good-beetroot-and-black-bean-burgers-250g-3516189
476,The Alternative Meat Co,Bean Supreme Black Bean Beetroot Burger 4 pack,8,8,340,340,Merrylands,250,g,7,6,1,Wildly Good,Beetroot & Black Bean Burgers,https://www.coles.com.au/product/wildly-good-beetroot-and-black-bean-burgers-250g-3516189
477,The Odd Bunch,Nectarine,2.3,2.3,1000,1000,East Village,,,,,,,,
478,The Odd Bunch,Nectarine,2.3,2.3,1000,1000,Merrylands,,,,,,,,
479,The Odd Bunch,Pear,3.5,3.5,1000,1000,East Village,1000,g,3.9,,1,Coles,Packham Pears,https://www.coles.com.au/product/coles-packham-pears-1kg-1-each-9006662
480,The Odd Bunch,Pear,3.5,3.5,1000,1000,Merrylands,1500,g,3.5,,1,Coles,I'M Perfect Pears Prepacked,https://www.coles.com.au/product/coles-i'm-perfect-pears-prepacked-1.5kg-5629266
481,Thirst busters,Fruit cup cordial,2.2,2.2,2000,2000,East Village,2000,ml,5,4,1,Golden Circle,Cordial Fruit Cup,https://www.coles.com.au/product/golden-circle-cordial-fruit-cup-cordial-2l-219245
482,Thirst busters,Fruit cup cordial,2.2,2.2,2000,2000,Merrylands,2000,ml,5,4,1,Golden Circle,Cordial Fruit Cup,https://www.coles.com.au/product/golden-circle-cordial-fruit-cup-cordial-2l-219245
483,Toscano,Traditional Butter Waffles 4 pack,5.5,5.5,360,360,East Village,360,g,7.5,,,,,https://www.coles.com.au/product/toscano-traditional-butter-waffles-4-pack-360g-8995056
484,Toscano,Traditional Butter Waffles 4 pack,5.5,5.5,360,360,Merrylands,360,g,7.5,,,,,https://www.coles.com.au/product/toscano-traditional-butter-waffles-4-pack-360g-8995056
485,Toscano,Waffles,5.5,5.5,360,360,East Village,360,g,7.5,,1,Toscano,Traditional Butter Waffles 4 pack,https://www.coles.com.au/product/toscano-traditional-butter-waffles-4-pack-360g-8995056
486,Toscano,Waffles,5.5,5.5,360,360,Merrylands,360,g,7.5,,1,Toscano,Traditional Butter Waffles 4 pack,https://www.coles.com.au/product/toscano-traditional-butter-waffles-4-pack-360g-8995056
487,Uncle Toby's,Natural Style muesli,7.5,7.5,1000,1000,East Village,1000,g,9,6.5,,,,https://www.coles.com.au/product/uncle-tobys-natural-style-muesli-1kg-132748
488,Uncle Toby's,Natural Style muesli,7.5,7.5,1000,1000,Merrylands,1000,g,9,6.5,,,,https://www.coles.com.au/product/uncle-tobys-natural-style-muesli-1kg-132748
489,Uncle Tobys,Oats Quick Sachets Creamy Honey Porridge,6,6,420,420,East Village,350,g,3.15,,1,Uncle Tobys,Uncle Tobys Oats Quick Sachets Creamy Honey,https://www.coles.com.au/product/uncle-tobys-oats-quick-sachets-creamy-honey-350g-3992629
490,Uncle Tobys,Oats Quick Sachets Creamy Honey Porridge,6,6,420,420,Merrylands,350,g,6.3,3.15,1,Uncle Tobys,Oats Quick Sachets Creamy Honey,https://www.coles.com.au/product/uncle-tobys-oats-quick-sachets-creamy-honey-350g-3992629
491,Verity,Prunes Large,6,6,750,750,East Village,750,g,6.7,,1,Verity,Dried Fancy Large Prunes,https://www.coles.com.au/product/verity-dried-fancy-large-prunes-750g-326438
492,Verity,Prunes Large,6,6,750,750,Merrylands,750,g,6.7,,1,Verity,Verity Dried Fancy Large Prunes,https://www.coles.com.au/product/verity-dried-fancy-large-prunes-750g-326438
493,Vogels,Classic Golden Baked Cluster Crunch,6.8,6.8,500,500,East Village,,,,,,,,
494,Vogels,Classic Golden Baked Cluster Crunch,6.8,6.8,500,500,Merrylands,,,,,,,,
495,Western star,Unsalted Butter,4,4,250,250,East Village,250,g,5.2,,,,,https://www.coles.com.au/product/western-star-unsalted-butter-250g-7739731
496,Western star,Unsalted Butter,4,4,250,250,Merrylands,250,g,5.2,,,,,https://www.coles.com.au/product/western-star-unsalted-butter-250g-7739731
497,Yoplait,Forme Zero French Vanilla Yoghurt,4,4,1000,1000,East Village,1000,g,5.5,,1,Yoplait,Zero French Vanilla Yoghurt,https://www.coles.com.au/product/yoplait-zero-french-vanilla-yoghurt-1kg-9058101
498,Yoplait,Forme Zero French Vanilla Yoghurt,4,4,1000,1000,Merrylands,1000,g,5.5,,1,Yoplait,Zero French Vanilla Yoghurt,https://www.coles.com.au/product/yoplait-zero-french-vanilla-yoghurt-1kg-9058101
499,Yoplait,Mango yoghurt,4,4,1000,1000,East Village,1000,g,5.5,,,,,https://www.coles.com.au/product/yoplait-mango-yoghurt-1kg-5892512
500,Yoplait,Mango yoghurt,4,4,1000,1000,Merrylands,1000,g,5.5,,,,,https://www.coles.com.au/product/yoplait-mango-yoghurt-1kg-5892512
501,Yoplait,Mango Yoghurt,4,4,1000,1000,East Village,1000,g,5.5,,,,,https://www.coles.com.au/product/yoplait-mango-yoghurt-1kg-5892512
502,Yoplait,Mango Yoghurt,4,4,1000,1000,Merrylands,1000,g,5.5,,,,,https://www.coles.com.au/product/yoplait-mango-yoghurt-1kg-5892512
503,Yumi's,Traditional Garlic Dip,7,7,1000,1000,East Village,310,g,6.5,,1,Pilpel,Dip Garlic,https://www.coles.com.au/product/pilpel-dip-garlic-310g-6132525
504,Yumi's,Traditional Garlic Dip,7,7,1000,1000,Merrylands,310,g,6.5,,1,Pilpel,Dip Garlic,https://www.coles.com.au/product/pilpel-dip-garlic-310g-6132525
